Start Date,1/1/2011,,
End Date,12/31/2023,,
,,,
,LH1 Comdty,C 1 Comdty,SM1 Comdty
,Last Price,Last Price,Last Price
Dates,PX_LAST,PX_LAST,PX_LAST
1/3/2011,77.975,620.5,365.7
1/4/2011,77.3,608.5,364.7
1/5/2011,78.025,619.25,369.3
1/6/2011,79.775,602,365.2
1/7/2011,79.425,595,359.1
1/10/2011,79.7,607,366.8
1/11/2011,79.975,607,359.2
1/12/2011,81.125,631,377.4
1/13/2011,80.3,642.5,378.6
1/14/2011,79.525,648.75,377
1/17/2011,79.525,648.75,377
1/18/2011,80.475,659.5,383.4
1/19/2011,80,641.25,383.3
1/20/2011,80.275,654,385.3
1/21/2011,80.325,657.25,379.6
1/24/2011,80.65,655.25,380.2
1/25/2011,81.825,644,372.6
1/26/2011,83.025,657.75,374.4
1/27/2011,83.95,650.75,377.4
1/28/2011,85.75,644,377
1/31/2011,87.25,659.5,380.3
2/1/2011,85.075,666,390
2/2/2011,84.025,669.25,386.9
2/3/2011,83.35,662.5,386.4
2/4/2011,84.5,678.5,383.2
2/7/2011,84.95,674.75,382.4
2/8/2011,84.825,673.75,385.7
2/9/2011,85.175,698,388.6
2/10/2011,86.725,698.5,382.5
2/11/2011,86.4,706.5,378.1
2/14/2011,85.675,695.75,375.5
2/15/2011,92.55,690.5,366.6
2/16/2011,91.9,690.5,364.3
2/17/2011,92.175,712.75,372.7
2/18/2011,92.275,709.75,362
2/21/2011,92.275,709.75,362
2/22/2011,92.275,679.75,346.5
2/23/2011,90.975,691.5,351.8
2/24/2011,89.5,685.75,350.4
2/25/2011,90.2,712,359.7
2/28/2011,88.8,722.5,356.4
3/1/2011,88.1,727.25,358
3/2/2011,88.25,714,359
3/3/2011,88.8,729.75,366.8
3/4/2011,88.475,721.25,363.8
3/7/2011,86.4,710.75,358.1
3/8/2011,89.125,698.75,355.4
3/9/2011,89.75,695,348.5
3/10/2011,89.85,676.25,349.1
3/11/2011,88.15,659.25,346.1
3/14/2011,85.95,664,349.6
3/15/2011,84.875,636,340.8
3/16/2011,85.3,616.5,344.5
3/17/2011,88.15,646.5,358.6
3/18/2011,88.325,683.5,367.9
3/21/2011,88.4,686.5,366.4
3/22/2011,89.7,686.75,366.4
3/23/2011,90.075,681,360
3/24/2011,90.325,702.5,359.8
3/25/2011,92.475,689.5,357.2
3/28/2011,92.6,671,353.6
3/29/2011,93.6,671.75,358.6
3/30/2011,93.55,663.25,360.5
3/31/2011,93.725,693.25,370.7
4/1/2011,94.225,736,360.9
4/4/2011,94.2,760.25,357
4/5/2011,93.7,766.75,353.6
4/6/2011,93.975,763,355.6
4/7/2011,92.75,759,350.9
4/8/2011,93.15,768,357.2
4/11/2011,93.25,776,349.7
4/12/2011,93.45,752.5,342.4
4/13/2011,93.95,755.5,342.2
4/14/2011,93.925,754.25,342.5
4/15/2011,102.425,742,345.2
4/18/2011,102.6,751.75,347.8
4/19/2011,103.025,749,346.4
4/20/2011,102.9,732.75,349.2
4/21/2011,102.05,737.25,358.8
4/22/2011,102.05,737.25,358.8
4/25/2011,100.65,762.5,361.1
4/26/2011,98.625,766.25,359.8
4/27/2011,97.75,752.25,356.7
4/28/2011,96.8,723,348.7
4/29/2011,95.275,754,358.1
5/2/2011,95.65,730.75,356.8
5/3/2011,92.65,719,349.5
5/4/2011,90.6,726.5,347.6
5/5/2011,91.575,705,342.7
5/6/2011,93.35,682.75,344.9
5/9/2011,92.725,704.5,345.9
5/10/2011,92.05,706,346.3
5/11/2011,92.025,668.75,344.1
5/12/2011,92.625,681.25,349.1
5/13/2011,92.85,679,343.1
5/16/2011,93.6,697.5,345.7
5/17/2011,93.875,720.25,350.4
5/18/2011,91.65,749.75,361
5/19/2011,91.325,748.25,361.4
5/20/2011,91.975,759.5,360.6
5/23/2011,89.25,754,358.8
5/24/2011,87.45,733.25,359.2
5/25/2011,88.3,742.25,358.3
5/26/2011,87.8,745.5,360.3
5/27/2011,88.925,758.5,355.6
5/30/2011,88.925,758.5,355.6
5/31/2011,90.175,747.5,355.3
6/1/2011,89.775,758.5,360.7
6/2/2011,89.075,766.5,366
6/3/2011,89.225,754,368.4
6/6/2011,89.7,732,359.4
6/7/2011,89.625,736.5,368
6/8/2011,89.7,764,372.8
6/9/2011,90.45,785.5,372.9
6/10/2011,91.7,787,373.3
6/13/2011,92.475,782.5,370.1
6/14/2011,91.85,755.5,358.7
6/15/2011,95.25,725.75,360
6/16/2011,95.5,701.5,353.7
6/17/2011,95.65,700.25,349
6/20/2011,97.55,700.5,350
6/21/2011,99,707.5,351.7
6/22/2011,98.275,677.5,347.1
6/23/2011,97,680.5,340.6
6/24/2011,96,670,339.9
6/27/2011,94.15,660.75,343
6/28/2011,94.375,683,338.9
6/29/2011,95.225,698,337.9
6/30/2011,94.4,629,332.2
7/1/2011,95.5,640.75,340.9
7/4/2011,95.5,640.75,340.9
7/5/2011,95.775,680.5,341.7
7/6/2011,96.025,648.75,341.7
7/7/2011,97.15,650,343
7/8/2011,95.875,672.25,346.3
7/11/2011,96.125,681.5,346
7/12/2011,95.15,697,348.5
7/13/2011,95.6,726.75,353.2
7/14/2011,95.1,716.5,355.5
7/15/2011,95.15,701.25,360.3
7/18/2011,98.45,696.25,359.3
7/19/2011,99.65,698,360.1
7/20/2011,97.85,688,361.9
7/21/2011,98.1,679.25,362.7
7/22/2011,100.825,690,363
7/25/2011,100.925,678.75,355.8
7/26/2011,100.475,689.75,360.5
7/27/2011,101.925,691.5,355.8
7/28/2011,102.475,682.25,355.3
7/29/2011,102.775,665.5,351.6
8/1/2011,103.1,681.25,352.7
8/2/2011,103.8,711.25,357.2
8/3/2011,104.65,706,353
8/4/2011,105.55,693.75,347.6
8/5/2011,104.925,693,345.2
8/8/2011,104.925,675.25,340.1
8/9/2011,105.4,678.25,338
8/10/2011,106.275,678,339.1
8/11/2011,107.2,702.5,347.2
8/12/2011,107.45,701.75,348.6
8/15/2011,89.975,707.25,352
8/16/2011,89.4,714,351.3
8/17/2011,87.4,711.5,354.5
8/18/2011,86.825,699,353
8/19/2011,88.375,711,354.1
8/22/2011,89,720.5,362.7
8/23/2011,88.225,730.25,368.3
8/24/2011,87.05,731.75,367
8/25/2011,87.225,732.25,368
8/26/2011,87.1,752.5,376
8/29/2011,86.4,756.25,379.2
8/30/2011,85.7,763.5,381.1
8/31/2011,85.5,757.5,380.8
9/1/2011,85.175,728.75,376.6
9/2/2011,85.8,750.25,377.8
9/5/2011,85.8,750.25,377.8
9/6/2011,83.35,746.75,368.3
9/7/2011,84.85,736.5,367.2
9/8/2011,86.8,723.25,365.5
9/9/2011,87.25,726,368.7
9/12/2011,86.675,734.25,360.1
9/13/2011,87.15,709.25,357.3
9/14/2011,88.45,713,357.9
9/15/2011,89,701,349.6
9/16/2011,87.35,692,348.7
9/19/2011,87.65,692.25,344.4
9/20/2011,89.025,690.25,345.8
9/21/2011,89.275,685.75,339.9
9/22/2011,88.35,650,330.9
9/23/2011,88.8,638.5,326
9/26/2011,88.5,648,326.2
9/27/2011,88.625,652.25,326.6
9/28/2011,88.775,630.75,315.4
9/29/2011,90.375,632.5,316.9
9/30/2011,93.375,592.5,304.7
10/3/2011,93.125,592.5,303.2
10/4/2011,93.4,587.75,298.3
10/5/2011,93.675,605.5,301.5
10/6/2011,94.75,605.5,299.7
10/7/2011,94.675,600,300.1
10/10/2011,93.025,605,304.7
10/11/2011,92.125,645,316.9
10/12/2011,92.125,640.75,320.1
10/13/2011,93,638.25,325.2
10/14/2011,93.575,640,328.4
10/17/2011,90.7,640.5,323
10/18/2011,90.95,644,324.3
10/19/2011,90.075,638.5,319.3
10/20/2011,89.975,649.5,320.3
10/21/2011,89.65,649.25,316.5
10/24/2011,88.825,651,321.5
10/25/2011,87.85,650.75,322.2
10/26/2011,87.025,637.25,317
10/27/2011,86.65,651.5,323.5
10/28/2011,86.675,655,317.5
10/31/2011,87.475,647,316.1
11/1/2011,87.55,654.25,310.7
11/2/2011,86.875,645,310.5
11/3/2011,86.6,653.5,314.5
11/4/2011,86.85,655.75,315.4
11/7/2011,85.625,653.25,309.3
11/8/2011,85.225,660.5,307.6
11/9/2011,85.15,656,303.1
11/10/2011,85.75,645.5,297.9
11/11/2011,86.45,638.5,299.5
11/14/2011,86.575,633.5,299.2
11/15/2011,86.45,645.5,301.4
11/16/2011,85.55,642.75,296.4
11/17/2011,87.45,614.5,294.5
11/18/2011,87.475,610.25,298.4
11/21/2011,87.95,597.75,289.6
11/22/2011,87.825,599,292
11/23/2011,88.05,588.75,282.5
11/24/2011,88.05,588.75,282.5
11/25/2011,88.3,582.5,282.7
11/28/2011,87.55,591.75,287.8
11/29/2011,88,598,286.1
11/30/2011,88.175,601.25,290.4
12/1/2011,87.575,594.75,287.2
12/2/2011,86.25,586.5,286.4
12/5/2011,85.3,580.25,281.1
12/6/2011,86.15,585.25,282.2
12/7/2011,86,582.25,283.7
12/8/2011,84.825,590,282.7
12/9/2011,85.4,585.5,275.5
12/12/2011,86.225,585.5,278.1
12/13/2011,85.8,588.5,282.2
12/14/2011,85.7,580,280.6
12/15/2011,85.425,579,282.9
12/16/2011,83.15,583,290.3
12/19/2011,84.35,601,293
12/20/2011,84.1,607,295.2
12/21/2011,83.275,616.5,299
12/22/2011,84.55,617.5,298.4
12/23/2011,85.85,619.5,297
12/26/2011,85.85,619.5,297
12/27/2011,85.75,633.25,307.7
12/28/2011,85.55,642.5,310.1
12/29/2011,83.975,638,306.6
12/30/2011,84.3,646.5,309.4
1/2/2012,84.3,646.5,309.4
1/3/2012,85.525,658.5,315.8
1/4/2012,85.175,658.5,317.5
1/5/2012,83.85,643.5,310.3
1/6/2012,83.9,643.5,309.6
1/9/2012,83.375,652,320.2
1/10/2012,84.3,652,319
1/11/2012,82.9,651.5,310
1/12/2012,83.95,611.5,306.1
1/13/2012,85.6,599.5,304.8
1/16/2012,85.6,599.5,304.8
1/17/2012,85.775,604,310.5
1/18/2012,86.275,593.5,312
1/19/2012,85.4,606,315.7
1/20/2012,85.325,611.5,311.9
1/23/2012,86.475,620,321
1/24/2012,86.025,630.25,323.5
1/25/2012,86.625,634.5,321.1
1/26/2012,85.95,634.5,323.6
1/27/2012,86.675,641.75,322.2
1/30/2012,86.45,631.75,312.7
1/31/2012,87.525,639,319.3
2/1/2012,87.625,642,322.3
2/2/2012,87.575,643,323.4
2/3/2012,87.525,644.5,328.6
2/6/2012,87.125,644.25,327.5
2/7/2012,86.175,642.25,325.4
2/8/2012,86.275,642.5,321.7
2/9/2012,87.3,637,321
2/10/2012,86.85,631.75,320
2/13/2012,86.975,639.5,330.5
2/14/2012,87.1,633.5,330.1
2/15/2012,88.9,627,332.8
2/16/2012,90.225,636.25,330.8
2/17/2012,90.375,641.75,332.5
2/20/2012,90.375,641.75,332.5
2/21/2012,89.825,629.5,330.2
2/22/2012,90.325,638.25,331.3
2/23/2012,89.6,639.5,332.9
2/24/2012,89.725,640.75,333.6
2/27/2012,88.65,644.5,340.9
2/28/2012,88.025,653.5,346.5
2/29/2012,89.425,656.5,351.2
3/1/2012,90.2,653.75,353.7
3/2/2012,90.425,659,357.3
3/5/2012,89.425,666.25,356.2
3/6/2012,86.775,658,363.1
3/7/2012,87.35,643.75,360.9
3/8/2012,87.75,645,363.2
3/9/2012,87.825,654,358.6
3/12/2012,87.3,671.5,358.4
3/13/2012,87.675,674,363.8
3/14/2012,87.4,669.5,362
3/15/2012,86.9,669,371.4
3/16/2012,85.875,673,374.4
3/19/2012,86.025,663.5,370.9
3/20/2012,84.95,647.5,365.6
3/21/2012,84.975,642,369.8
3/22/2012,85.4,644.5,370.1
3/23/2012,85.025,646.5,373
3/26/2012,84.875,637.75,377.9
3/27/2012,84.8,630.75,376
3/28/2012,83.775,620.25,377.7
3/29/2012,83.025,604,375
3/30/2012,83.425,644,388.7
4/2/2012,84.725,655,391.2
4/3/2012,84.025,658.25,386.5
4/4/2012,83.85,656.75,388.2
4/5/2012,84.5,658.25,391.9
4/6/2012,84.5,658.25,391.9
4/9/2012,84.425,649,388.8
4/10/2012,83.8,634.75,389.8
4/11/2012,83.175,636,386.8
4/12/2012,83.525,637.5,394.6
4/13/2012,82.75,629.25,395.8
4/16/2012,82.3,623.25,391.4
4/17/2012,89.8,616.75,393.8
4/18/2012,87.25,601.75,390.6
4/19/2012,88.475,621,391.9
4/20/2012,87.5,612.5,406
4/23/2012,88.025,622.5,399.8
4/24/2012,86.6,618.25,412.1
4/25/2012,87.125,611,413.9
4/26/2012,86.8,624,419.6
4/27/2012,85.5,653,427.4
4/30/2012,83.675,660.25,434.3
5/1/2012,83,659.75,432.5
5/2/2012,81.275,642.25,428.5
5/3/2012,81.3,650.75,425.2
5/4/2012,79.8,662.25,432.1
5/7/2012,80.05,665,425.2
5/8/2012,80.25,666,416.6
5/9/2012,80.075,641.25,414.9
5/10/2012,79.8,625.5,423.9
5/11/2012,79.525,608,411
5/14/2012,79.35,608,406.8
5/15/2012,86.4,597.25,417.2
5/16/2012,86.5,620,425
5/17/2012,87.425,625,428
5/18/2012,87.425,635.5,417.9
5/21/2012,86.7,633,416.5
5/22/2012,85.825,597,405
5/23/2012,84.425,603.5,405.8
5/24/2012,84.2,578.5,410.8
5/25/2012,85.2,578.5,409.3
5/28/2012,85.2,578.5,409.3
5/29/2012,86.35,562.5,412.5
5/30/2012,87.175,559.5,409.9
5/31/2012,89.8,555.25,394.5
6/1/2012,90.725,551.5,394.5
6/4/2012,91.2,568,396.1
6/5/2012,91.1,567.5,400
6/6/2012,91.95,586.25,414.6
6/7/2012,93.075,594,425.5
6/8/2012,93.025,598,429.8
6/11/2012,93.325,592,428
6/12/2012,93.525,584,433
6/13/2012,93.975,592.5,422
6/14/2012,94.75,601.5,416.5
6/15/2012,93.025,579.5,410.1
6/18/2012,95.45,599.5,412.9
6/19/2012,95.1,612.5,427.9
6/20/2012,94.75,611.75,427.4
6/21/2012,95.6,586.5,429
6/22/2012,94.925,591,422
6/25/2012,93.35,631,432.8
6/26/2012,93.65,646,427.2
6/27/2012,95.575,649.5,428
6/28/2012,96.725,652,426.6
6/29/2012,96.625,672.5,436
7/2/2012,96.9,692.5,442.5
7/3/2012,96.875,718.75,454.1
7/4/2012,96.875,718.75,454.1
7/5/2012,95.825,768,474.3
7/6/2012,96.225,743.25,471.6
7/9/2012,96.8,775.25,485.5
7/10/2012,95.525,761,482.2
7/11/2012,95.95,750.75,478
7/12/2012,97.3,771.25,478.8
7/13/2012,97.225,755.75,488.9
7/16/2012,97.075,776.75,487.3
7/17/2012,89.95,779.5,494
7/18/2012,92.625,795,514
7/19/2012,93.05,807.75,532
7/20/2012,93.7,824.5,543
7/23/2012,93.325,814,523
7/24/2012,92.925,790,509.8
7/25/2012,94.55,794.5,529.8
7/26/2012,95.8,781.25,518.8
7/27/2012,95.2,798.5,527.7
7/30/2012,94.55,820,546.3
7/31/2012,92.95,806.5,544.7
8/1/2012,93.2,800.5,537.2
8/2/2012,91.6,794,523.7
8/3/2012,89.55,810,531.5
8/6/2012,88.725,803,518.2
8/7/2012,89.925,796,512.3
8/8/2012,91.575,810.75,521.9
8/9/2012,91.875,818.25,538.7
8/10/2012,91.875,800,544.5
8/13/2012,91.95,782.75,526.3
8/14/2012,91.8,779.75,530.8
8/15/2012,75.6,794,520
8/16/2012,75.625,797.75,516.5
8/17/2012,76.2,798.5,522.7
8/20/2012,75.9,815.25,532.6
8/21/2012,75.8,831.25,543.6
8/22/2012,73.175,830.25,535.7
8/23/2012,72.575,808.75,527.8
8/24/2012,72.375,802.25,533.4
8/27/2012,73.25,794.5,531.8
8/28/2012,73.25,789.5,534.2
8/29/2012,73.7,810.25,543.3
8/30/2012,74.15,811.5,548.1
8/31/2012,74.175,802.75,547.1
9/3/2012,74.175,802.75,547.1
9/4/2012,74.2,807,541.4
9/5/2012,73.625,789.75,532
9/6/2012,71.75,797.25,531.8
9/7/2012,71.35,795,531.6
9/10/2012,72.575,781,527.2
9/11/2012,72.725,782.25,523.9
9/12/2012,73.425,771,535.4
9/13/2012,73.55,776.75,533.5
9/14/2012,74.025,777.5,524.6
9/17/2012,73.375,748,503.5
9/18/2012,74.1,740,491.4
9/19/2012,74.75,756.5,499.7
9/20/2012,74.85,746,482.3
9/21/2012,75.8,748.25,484.5
9/24/2012,76.5,744.75,481.6
9/25/2012,76.275,743.75,485.2
9/26/2012,76.875,724.75,475.1
9/27/2012,77.225,716.25,473.1
9/28/2012,77.175,756.25,487
10/1/2012,77.575,756.75,474.6
10/2/2012,79.15,758.25,463.4
10/3/2012,80.025,756.75,465.5
10/4/2012,81.8,757,470.8
10/5/2012,81.325,748,474.7
10/8/2012,81.475,742,478.5
10/9/2012,81.9,742,478.1
10/10/2012,82.575,736.75,470.1
10/11/2012,82.325,773.25,482.7
10/12/2012,82.75,752.75,474.3
10/15/2012,78.55,737.25,456.1
10/16/2012,78.6,738.25,452.8
10/17/2012,79.175,745.5,454.7
10/18/2012,78.85,760.75,463.3
10/19/2012,79.625,761.5,463.8
10/22/2012,78.675,761.25,471
10/23/2012,78.125,756,476.2
10/24/2012,78.25,754.5,481.9
10/25/2012,78.125,742,481.4
10/26/2012,78.9,737.75,483.4
10/29/2012,77.8,737,472.5
10/30/2012,78.1,741.75,476
10/31/2012,78.275,755.75,482.2
11/1/2012,77.875,751,484.3
11/2/2012,77.75,739.5,475.9
11/5/2012,76.925,735.5,469
11/6/2012,77.575,741,472.7
11/7/2012,80.1,744.25,469.5
11/8/2012,80.2,741.25,462.9
11/9/2012,80.75,738.75,449.7
11/12/2012,80.325,718,431.4
11/13/2012,80.5,723.5,433.1
11/14/2012,80.1,725.75,436
11/15/2012,80.075,721.25,430.5
11/16/2012,80.325,727,424.6
11/19/2012,81.45,738.75,424.6
11/20/2012,81.65,743.25,429.6
11/21/2012,81.75,741,427.9
11/22/2012,81.75,741,427.9
11/23/2012,82.475,745.5,428.6
11/26/2012,82.475,747.25,431.7
11/27/2012,82.375,760,439.3
11/28/2012,83.825,760.25,439.9
11/29/2012,83.7,751.5,442.7
11/30/2012,84.075,748,442.4
12/3/2012,83.925,749,445.2
12/4/2012,84.45,746.5,447.8
12/5/2012,85,753.25,453.2
12/6/2012,83.45,747.75,458
12/7/2012,82.3,732.75,450.5
12/10/2012,82.15,726.75,452.4
12/11/2012,82.1,724.25,455
12/12/2012,82.075,721,459.5
12/13/2012,82.125,712.25,460.5
12/14/2012,82,718.75,460.1
12/17/2012,84.75,724,455.4
12/18/2012,85.275,720,444.9
12/19/2012,86.575,703,436.5
12/20/2012,86.45,696.5,427.7
12/21/2012,86.9,702,433.8
12/24/2012,87.55,704.25,434.8
12/25/2012,87.55,704.25,434.8
12/26/2012,87.45,693.25,431.3
12/27/2012,87.025,691.5,429.8
12/28/2012,86.375,694,427.7
12/31/2012,85.725,698.25,420.6
1/1/2013,85.725,698.25,420.6
1/2/2013,86.175,690.75,407.1
1/3/2013,86.4,689.25,405.6
1/4/2013,86.225,680.25,398.2
1/7/2013,86.3,685.5,408.5
1/8/2013,86.35,688.75,410.6
1/9/2013,84.2,694.25,411.3
1/10/2013,84.6,698.75,408.7
1/11/2013,84.2,708.75,403.1
1/14/2013,85.225,724,417.9
1/15/2013,85.25,730.5,411.9
1/16/2013,85.15,731.25,419.1
1/17/2013,85.95,724.5,414
1/18/2013,85.35,727.5,414.4
1/21/2013,85.35,727.5,414.4
1/22/2013,85.7,728.5,421.6
1/23/2013,85.975,720.75,416.5
1/24/2013,87.05,724.25,414.7
1/25/2013,86.825,720.75,416.4
1/28/2013,87.175,729.25,420.3
1/29/2013,87.1,729.5,423.7
1/30/2013,87.1,740.25,432.7
1/31/2013,87.6,740.5,426.4
2/1/2013,87.65,736,428.2
2/4/2013,88.075,734.25,434.3
2/5/2013,88.325,729,438.5
2/6/2013,86.9,722.5,437.1
2/7/2013,86.975,710.75,437.6
2/8/2013,86.45,709,422.4
2/11/2013,86.9,702.25,413
2/12/2013,87.25,696.25,410.3
2/13/2013,87.475,695.5,408.1
2/14/2013,87.675,694.75,407.2
2/15/2013,84.25,698.75,409.4
2/18/2013,84.25,698.75,409.4
2/19/2013,83.05,695.25,425.3
2/20/2013,82.95,700.5,433.6
2/21/2013,82.375,690.75,437.3
2/22/2013,81.65,690.25,426.9
2/25/2013,81.9,693.5,425.6
2/26/2013,81.575,705,427.7
2/27/2013,81,709.5,429.3
2/28/2013,81,719.5,434.8
3/1/2013,81.125,724.25,427.3
3/4/2013,80.3,723,432.2
3/5/2013,79.25,732,434.9
3/6/2013,79.25,708,434.2
3/7/2013,81.8,711.5,436
3/8/2013,82.025,725.25,436.1
3/11/2013,81.15,734.5,438.1
3/12/2013,81.45,741,436.4
3/13/2013,80.65,741.25,427
3/14/2013,80.875,732.75,422.8
3/15/2013,79.675,717,418.8
3/18/2013,79.4,720,413.3
3/19/2013,78.225,728.5,411.6
3/20/2013,77.875,732.5,413.8
3/21/2013,78.35,733,422.9
3/22/2013,78.05,726.25,419.3
3/25/2013,78.475,733.25,417.8
3/26/2013,79.5,730.25,420.2
3/27/2013,80.075,735.25,423.1
3/28/2013,80.6,695.25,404.6
3/29/2013,80.6,695.25,404.6
4/1/2013,81.3,642.25,398.5
4/2/2013,80.95,640.5,402.1
4/3/2013,81.325,641.5,398
4/4/2013,81.425,630,397.1
4/5/2013,80.025,629,391.8
4/8/2013,80.525,633.5,393.3
4/9/2013,80.725,644.25,394.8
4/10/2013,81.225,649,392.9
4/11/2013,81.6,651.25,395
4/12/2013,82.225,658.5,400.2
4/15/2013,86.275,646.75,393.3
4/16/2013,86.8,663.25,401.3
4/17/2013,88.125,660.5,407.3
4/18/2013,87.95,644.5,411
4/19/2013,87.85,652,412.4
4/22/2013,87.575,645.75,410
4/23/2013,87.825,638.5,411.7
4/24/2013,88.6,639.5,405.9
4/25/2013,88.975,645.25,414.3
4/26/2013,89.35,644,417.9
4/29/2013,89.3,684,431.4
4/30/2013,90.1,683.25,428.3
5/1/2013,90.9,681.75,415.6
5/2/2013,91.3,697.5,418.6
5/3/2013,91.4,699.5,417.8
5/6/2013,91.05,678.75,413.1
5/7/2013,91.45,676.5,416.3
5/8/2013,91.975,675,425.3
5/9/2013,92,694.5,440.1
5/10/2013,92,687.75,444.3
5/13/2013,91.925,718,457.9
5/14/2013,92,706.75,461
5/15/2013,91.925,650.75,410.5
5/16/2013,92.875,641.5,414.9
5/17/2013,91.525,652.75,425.1
5/20/2013,92.075,649.5,435.3
5/21/2013,92.4,640,438.7
5/22/2013,94.55,658.5,440.6
5/23/2013,94.2,662,437
5/24/2013,94.875,657.25,428.2
5/27/2013,94.875,657.25,428.2
5/28/2013,94.7,666.5,442.3
5/29/2013,94.725,665,444.3
5/30/2013,95.325,654.25,440.8
5/31/2013,95.625,662,447.2
6/3/2013,95.825,655.75,454.4
6/4/2013,96.525,660.5,452.5
6/5/2013,96.65,660.75,455.9
6/6/2013,97.3,663.25,454
6/7/2013,98.125,666.25,452.5
6/10/2013,99.2,650,448.3
6/11/2013,100.275,659.5,463.4
6/12/2013,100.95,650.75,461.4
6/13/2013,101.575,643.5,452.6
6/14/2013,102.3,655,450.7
6/17/2013,97.95,668.5,449.1
6/18/2013,98.7,673.25,451.8
6/19/2013,99.975,682.25,453.6
6/20/2013,100.25,673.25,445.6
6/21/2013,99.75,661.75,447.7
6/24/2013,100.95,653.25,451
6/25/2013,100.15,656.75,458.8
6/26/2013,99.95,664.5,463.3
6/27/2013,101.975,667.25,479.6
6/28/2013,101.275,679.25,490.3
7/1/2013,101.075,655.5,484.8
7/2/2013,101,672.75,487
7/3/2013,101.625,678.25,490.6
7/4/2013,101.625,678.25,490.6
7/5/2013,102.35,684.75,489.1
7/8/2013,101.125,691.75,511.1
7/9/2013,100.85,704,520.8
7/10/2013,101.925,709.75,520.5
7/11/2013,102.175,716.75,525.7
7/12/2013,102.1,701.5,535.5
7/15/2013,102.3,536.25,451.5
7/16/2013,96.3,545.25,466.8
7/17/2013,95.8,538.5,469.1
7/18/2013,96.625,541,470.4
7/19/2013,96.475,544,482.4
7/22/2013,97.125,540.75,502.4
7/23/2013,99.175,522.5,487.8
7/24/2013,98.925,508.25,467.8
7/25/2013,98.575,496,447.8
7/26/2013,97.775,492,430.3
7/29/2013,97.9,489.25,438.9
7/30/2013,96.875,495.5,429.2
7/31/2013,97.575,499,435.1
8/1/2013,98.425,487.5,425.4
8/2/2013,99.25,476,412.1
8/5/2013,100.225,469.25,402.6
8/6/2013,100.55,472.25,396
8/7/2013,100.225,468.25,400.3
8/8/2013,100.625,473.5,422.5
8/9/2013,100.525,465.75,420.5
8/12/2013,101.4,472,425.7
8/13/2013,101.8,455.25,426.9
8/14/2013,102.425,464.75,433.9
8/15/2013,87.3,481.5,409.8
8/16/2013,86.725,473.75,408.8
8/19/2013,86.475,493.25,420.3
8/20/2013,86.95,483.75,413.8
8/21/2013,85.825,498,421.5
8/22/2013,84.4,487.5,413.3
8/23/2013,85.1,495.5,433.2
8/26/2013,86.025,515.75,458.6
8/27/2013,86.575,499.75,455.9
8/28/2013,86.05,504.25,463.3
8/29/2013,87.325,497.25,467.4
8/30/2013,87.625,495,468.2
9/2/2013,87.625,495,468.2
9/3/2013,88,498,485.4
9/4/2013,89.125,494,468.6
9/5/2013,89.4,489.5,479.5
9/6/2013,90.9,491.5,482.1
9/9/2013,90.875,477.25,465.8
9/10/2013,90.85,474.75,462.5
9/11/2013,90.3,479.75,460.9
9/12/2013,90.2,479,480.9
9/13/2013,90.7,450,496.2
9/16/2013,92.125,456.5,431.2
9/17/2013,90.975,454,428.8
9/18/2013,91.725,456.25,427
9/19/2013,91.15,459.5,421.6
9/20/2013,90.05,451,413.4
9/23/2013,90.175,453.25,411.1
9/24/2013,92.5,448.75,414.1
9/25/2013,93.7,454.75,418.6
9/26/2013,92.8,456.75,416.4
9/27/2013,92.925,454,419.9
9/30/2013,91.975,441.5,409.9
10/1/2013,90.925,439,408.5
10/2/2013,90.95,439,417.6
10/3/2013,91.3,439.25,427.8
10/4/2013,91.85,443.25,431.3
10/7/2013,91.6,449.25,433.7
10/8/2013,91.225,441.75,428.7
10/9/2013,89.825,443.5,425.2
10/10/2013,90.25,438.25,424.4
10/11/2013,90.75,433.25,422
10/14/2013,90.75,437,423.2
10/15/2013,87.8,443.5,402.4
10/16/2013,88.8,442.75,403.8
10/17/2013,88.45,443,413
10/18/2013,87.95,441.5,410.1
10/21/2013,87.475,444,415.7
10/22/2013,88.575,438.25,416.1
10/23/2013,88.15,442.75,421.4
10/24/2013,89.6,440.25,426
10/25/2013,90.425,440,423.5
10/28/2013,91.95,430.75,414.7
10/29/2013,91.35,432,410.8
10/30/2013,90.4,430.25,411.8
10/31/2013,89.175,428.25,403.6
11/1/2013,88.35,427.25,394.9
11/4/2013,88.325,426.25,396.9
11/5/2013,88.25,425,392.8
11/6/2013,87.35,421.25,396.8
11/7/2013,87.55,420.5,403.8
11/8/2013,88.125,426.75,422.3
11/11/2013,88.05,434.75,422.1
11/12/2013,87.2,432.25,427.7
11/13/2013,86.375,429.75,423.3
11/14/2013,85.6,426.5,424.6
11/15/2013,85.9,422,410.5
11/18/2013,85.6,412,415.8
11/19/2013,85.425,417.75,408.9
11/20/2013,86.25,417,407
11/21/2013,86.25,423,411
11/22/2013,85.625,422.25,427.8
11/25/2013,85.6,424.75,437.2
11/26/2013,85.625,418.5,450.2
11/27/2013,85.8,417.25,445.9
11/28/2013,85.8,417.25,445.9
11/29/2013,85.675,415.25,456.6
12/2/2013,86.025,416.5,447
12/3/2013,84.825,422,446.1
12/4/2013,83.675,425.5,447.9
12/5/2013,82.525,422.75,446.1
12/6/2013,81.675,424,447.3
12/9/2013,81.375,428.5,461.6
12/10/2013,80.825,427.5,464.1
12/11/2013,80.925,431.25,464.6
12/12/2013,81.325,428.25,459.4
12/13/2013,81.25,420.5,462.9
12/16/2013,86.625,423.25,439
12/17/2013,85.65,426.75,448
12/18/2013,86.35,425,441.2
12/19/2013,86.375,430.5,442.1
12/20/2013,86.25,433.25,446.6
12/23/2013,86.2,434.25,444.2
12/24/2013,85.875,434.5,447.4
12/25/2013,85.875,434.5,447.4
12/26/2013,85.3,426.25,441
12/27/2013,85.65,427.5,445.7
12/30/2013,84.975,423.5,450.3
12/31/2013,85.425,422,437.7
1/1/2014,85.425,422,437.7
1/2/2014,87.075,420.5,423.8
1/3/2014,86.675,423.5,424.5
1/6/2014,86.625,427.75,428.8
1/7/2014,85.525,426,434.6
1/8/2014,85.575,417,430.6
1/9/2014,85.25,412,433
1/10/2014,85.825,432.75,435.2
1/13/2014,85.375,434.5,446.9
1/14/2014,86,431.5,452.5
1/15/2014,86.6,425.75,434.5
1/16/2014,86.875,428,432
1/17/2014,86.175,424,434.5
1/20/2014,86.175,424,434.5
1/21/2014,85.975,425,416.5
1/22/2014,85.55,426.25,419.4
1/23/2014,85.575,429,418.7
1/24/2014,86.375,429.5,425.7
1/27/2014,85.575,431.75,430.9
1/28/2014,85.275,432,428.6
1/29/2014,86.525,427.5,423.3
1/30/2014,86.375,433.5,425.2
1/31/2014,86.225,434,426.1
2/3/2014,84.875,435.75,434
2/4/2014,85.225,441.75,447
2/5/2014,86.45,443.25,442
2/6/2014,86.5,443,446
2/7/2014,86.575,444.25,446.4
2/10/2014,86.35,443,444
2/11/2014,86.075,441.5,449.2
2/12/2014,86.5,440,443.5
2/13/2014,86.35,440.5,452.8
2/14/2014,86.525,445.25,450
2/17/2014,86.525,445.25,450
2/18/2014,97.375,449.5,456.9
2/19/2014,97.2,453.75,453
2/20/2014,97.825,455.75,450.9
2/21/2014,99.35,453,455.8
2/24/2014,99.25,451.5,465.9
2/25/2014,100.575,455.75,469.6
2/26/2014,101.025,455.5,468.3
2/27/2014,103.85,448,464
2/28/2014,106.85,457.5,467.9
3/3/2014,108.675,464,461.3
3/4/2014,111.675,476.75,458.8
3/5/2014,110.725,475.25,457.7
3/6/2014,112.4,485.75,458.4
3/7/2014,113,481,465
3/10/2014,116,472,452.7
3/11/2014,117.1,478,452.3
3/12/2014,115.925,484.25,448.3
3/13/2014,118.925,484.25,449.6
3/14/2014,119.3,472.25,449
3/17/2014,121.7,479,446.6
3/18/2014,123.225,486.25,455.8
3/19/2014,124.15,487.75,462
3/20/2014,124.8,478.5,466.5
3/21/2014,125.675,479,455.9
3/24/2014,124.65,490,462
3/25/2014,121.65,486.5,463.7
3/26/2014,122.475,484.5,469.1
3/27/2014,125.475,492,470.5
3/28/2014,125.575,492,468.4
3/31/2014,126,502,479.3
4/1/2014,127.8,507.5,482.7
4/2/2014,127,495.75,476.5
4/3/2014,125.75,500,480.1
4/4/2014,123.15,501.75,479.1
4/7/2014,125.025,499.25,474.3
4/8/2014,123.3,507,478.1
4/9/2014,125.025,502.25,482.1
4/10/2014,125.175,501.25,479.5
4/11/2014,124.925,498.5,472.9
4/14/2014,124.8,503,479.1
4/15/2014,121.5,503.75,487.4
4/16/2014,122.875,497.5,491
4/17/2014,123.5,494.75,488.3
4/18/2014,123.5,494.75,488.3
4/21/2014,120.8,488.5,485.7
4/22/2014,121.025,496.25,479.8
4/23/2014,123.975,503.5,478.1
4/24/2014,122.9,501.25,480.2
4/25/2014,120.925,507,490.6
4/28/2014,120.975,507.75,496.9
4/29/2014,120.275,515.75,499.9
4/30/2014,117.675,514,503.9
5/1/2014,117.375,503.25,486.7
5/2/2014,117.225,494,491.2
5/5/2014,116.9,503.25,489.1
5/6/2014,116.05,513,486.6
5/7/2014,115.225,510.25,481.3
5/8/2014,114.9,513.25,490.6
5/9/2014,114.675,505,497.5
5/12/2014,113.425,497.5,489.5
5/13/2014,112.4,503.25,497.7
5/14/2014,112.4,494.75,497.9
5/15/2014,119.425,484.25,481.4
5/16/2014,118.925,483.5,480.2
5/19/2014,119.375,477.25,490.5
5/20/2014,118.6,473.5,486.7
5/21/2014,119.925,474.5,498.1
5/22/2014,117.6,476.75,501.5
5/23/2014,116.85,478,502.6
5/26/2014,116.85,478,502.6
5/27/2014,116.5,469.75,494.2
5/28/2014,114.55,472.5,498.5
5/29/2014,114.3,469.5,498.4
5/30/2014,113.35,465.75,500.2
6/2/2014,113.125,465.5,506
6/3/2014,113.6,458.25,499.6
6/4/2014,112.55,456.25,496.5
6/5/2014,112.975,449,490.6
6/6/2014,114.575,459,487.6
6/9/2014,114.3,451,482.2
6/10/2014,115.3,445.5,484.5
6/11/2014,115.975,441,482.3
6/12/2014,115.975,444,469.2
6/13/2014,115.9,447,467.9
6/16/2014,124.25,441,462.4
6/17/2014,124.925,438.75,450.7
6/18/2014,125.425,441.5,453.2
6/19/2014,128.05,450.5,451.2
6/20/2014,127.825,453.25,459.2
6/23/2014,128.3,444.5,455.8
6/24/2014,130.425,443,448.4
6/25/2014,129.3,441,451.7
6/26/2014,129.85,442.75,465.5
6/27/2014,130.9,443,469.8
6/30/2014,132.65,424.25,458.3
7/1/2014,131.05,422.75,456.1
7/2/2014,130.8,418.5,452.3
7/3/2014,131.725,417,447
7/4/2014,131.725,417,447
7/7/2014,131.8,409.25,443.7
7/8/2014,132.2,408.25,437.3
7/9/2014,133.3,404,439.5
7/10/2014,132.8,400.5,434.3
7/11/2014,132.8,399.75,421.8
7/14/2014,133.375,390.25,421.5
7/15/2014,133.875,374,379.1
7/16/2014,130.525,378.25,383.7
7/17/2014,128.85,379.5,380.5
7/18/2014,127.075,371.25,380.3
7/21/2014,125.1,364,380.7
7/22/2014,127.575,360.25,381.8
7/23/2014,124.575,362.5,391.5
7/24/2014,123.2,361.5,395.3
7/25/2014,123.625,363,398
7/28/2014,123.675,367.75,402.8
7/29/2014,121.45,361.5,395.4
7/30/2014,119.15,361.75,387.6
7/31/2014,118.025,357,391.3
8/1/2014,118.025,352.5,387.5
8/4/2014,117.075,358.75,388.2
8/5/2014,115.85,356.25,382.2
8/6/2014,116.4,363.25,388
8/7/2014,115.225,359.5,390.6
8/8/2014,114.225,351.75,397.5
8/11/2014,114.55,356.75,400.4
8/12/2014,114.075,358.5,400.2
8/13/2014,115.2,358,418.7
8/14/2014,114.825,362,464.2
8/15/2014,94.95,365.75,388.3
8/18/2014,95.1,360.75,392.1
8/19/2014,94.825,362.5,399.8
8/20/2014,92.5,359.5,402.6
8/21/2014,93.625,362.25,413.8
8/22/2014,92.875,365.5,433.3
8/25/2014,93.45,360,406.1
8/26/2014,95.1,356,388.7
8/27/2014,95.925,356,416.5
8/28/2014,95.475,361.75,433.2
8/29/2014,98.125,359,439.5
9/1/2014,98.125,359,439.5
9/2/2014,99.875,355.75,450.1
9/3/2014,101.1,341.25,447.2
9/4/2014,102.65,335.75,431.4
9/5/2014,105.625,346.5,436.1
9/8/2014,103.075,339.25,446.2
9/9/2014,105.775,336.25,453.7
9/10/2014,107.1,338.75,442.8
9/11/2014,106.375,331.75,426.7
9/12/2014,105.7,339,408
9/15/2014,106.075,343,338.8
9/16/2014,106.875,343.75,338.3
9/17/2014,105.1,341.75,336.4
9/18/2014,102.975,338.25,328.8
9/19/2014,105.975,331.5,324.1
9/22/2014,107.3,330.25,319.4
9/23/2014,107.875,325.5,317.1
9/24/2014,107.45,329.5,316.4
9/25/2014,106.325,326,312.4
9/26/2014,106.525,323,307.2
9/29/2014,107.325,325.75,308.1
9/30/2014,107.975,320.75,304.6
10/1/2014,107.6,321.25,305.3
10/2/2014,106.775,322.75,308.7
10/3/2014,105.6,323.25,308
10/6/2014,107.175,332.5,320.3
10/7/2014,107.225,340.5,327
10/8/2014,108.125,343.25,329.8
10/9/2014,109.5,344.75,333
10/10/2014,109.45,334,339.3
10/13/2014,109.35,346,343.4
10/14/2014,109.525,357,366
10/15/2014,91.925,347.5,327.3
10/16/2014,90.325,352.25,334.6
10/17/2014,90.575,348,330.5
10/20/2014,89.15,348.25,329.4
10/21/2014,88.45,356,342.9
10/22/2014,89.75,353,338
10/23/2014,88.725,359.75,352.4
10/24/2014,90.25,353,350.2
10/27/2014,89.05,363,376.8
10/28/2014,90.2,364.5,375.1
10/29/2014,88.6,375.25,397.2
10/30/2014,87.2,374,380
10/31/2014,88.025,376.75,389
11/3/2014,88.85,373.5,372.7
11/4/2014,87.975,364.5,372.5
11/5/2014,87.125,370.25,375.3
11/6/2014,87.65,371.25,391.7
11/7/2014,88.775,367.5,390.4
11/10/2014,89.55,369.25,380.9
11/11/2014,89.9,373.75,400.6
11/12/2014,90.675,377.75,395
11/13/2014,91.275,386.25,393.5
11/14/2014,92.675,381.75,379.9
11/17/2014,93,377.5,387.1
11/18/2014,91.55,372,378
11/19/2014,91.775,363.25,370.4
11/20/2014,90.775,373.25,370.8
11/21/2014,90.65,372.75,378.4
11/24/2014,91.325,367.5,374.9
11/25/2014,90.95,374.25,390.6
11/26/2014,90.95,378.25,401.6
11/27/2014,90.95,378.25,401.6
11/28/2014,90.325,375.75,391.1
12/1/2014,90.125,375.5,384.4
12/2/2014,89.5,367.75,383.1
12/3/2014,88.05,368.75,381.1
12/4/2014,87.625,376,385.7
12/5/2014,86.6,381.5,394.2
12/8/2014,86.575,377.5,401.5
12/9/2014,86.95,383,411.6
12/10/2014,87.275,382.5,405.2
12/11/2014,87.55,390,406.1
12/12/2014,87.525,396.25,378.9
12/15/2014,83.275,408.5,365.4
12/16/2014,81.675,406,356.6
12/17/2014,80.475,408.25,359.3
12/18/2014,81.875,411,365.3
12/19/2014,81.9,410.5,363.5
12/22/2014,80.25,411.75,368.4
12/23/2014,81.65,414,371.3
12/24/2014,81.3,407.75,371.4
12/25/2014,81.3,407.75,371.4
12/26/2014,81.55,414.75,379.7
12/29/2014,81.8,412.75,377.4
12/30/2014,81.175,406.5,369.5
12/31/2014,81.2,397,364.6
1/1/2015,81.2,397,364.6
1/2/2015,81.3,395.75,356.5
1/5/2015,79.925,406,369
1/6/2015,78.575,405,370.8
1/7/2015,79.325,396.25,368.5
1/8/2015,78.175,394.25,361.3
1/9/2015,79.025,400.25,363.8
1/12/2015,76.65,402,356.5
1/13/2015,75.175,385.75,349.7
1/14/2015,76.025,381,328.9
1/15/2015,75.625,380,326.7
1/16/2015,74.5,387,326.2
1/19/2015,74.5,387,326.2
1/20/2015,71.775,390.25,326.5
1/21/2015,72.35,388,330.5
1/22/2015,71.6,383.75,330.1
1/23/2015,69.3,386.75,331.5
1/26/2015,70.825,384,338.9
1/27/2015,69.425,381.25,336.6
1/28/2015,71.525,373.25,337.4
1/29/2015,68.55,371.5,337.9
1/30/2015,67.475,370,329.9
2/2/2015,66.325,369.75,327.9
2/3/2015,67.2,385.75,340.6
2/4/2015,65.1,383.5,332.7
2/5/2015,63.275,385.25,331.4
2/6/2015,63.875,385.75,329.4
2/9/2015,61.275,391.25,329.6
2/10/2015,61.525,388,326.9
2/11/2015,61.225,385.75,329.6
2/12/2015,61.95,383,330.5
2/13/2015,62.075,387.25,332.3
2/16/2015,62.075,387.25,332.3
2/17/2015,64,389.5,342.3
2/18/2015,64.225,383.75,338.6
2/19/2015,67.05,389.75,347.5
2/20/2015,67.4,385.25,347.5
2/23/2015,68.325,378.75,348.3
2/24/2015,68.575,377.5,356.9
2/25/2015,69.325,375.75,350.5
2/26/2015,67.15,380,354.6
2/27/2015,67.475,384.5,353.7
3/2/2015,67.675,378.75,344.3
3/3/2015,65.6,382,341.8
3/4/2015,68,381.5,334.1
3/5/2015,66.825,382.75,334.4
3/6/2015,66.125,379.25,337
3/9/2015,66.075,383.25,343.9
3/10/2015,65.975,382.25,342
3/11/2015,64.125,384,345.7
3/12/2015,62.3,382.25,343.5
3/13/2015,62.1,374,338
3/16/2015,62.2,379,323.7
3/17/2015,61.775,371,317.5
3/18/2015,60.7,374.75,320.8
3/19/2015,58.125,373.5,319.3
3/20/2015,58.45,385,324
3/23/2015,59.25,390.25,327.3
3/24/2015,58.6,393.25,326.3
3/25/2015,59.825,395,324.5
3/26/2015,60.975,391.25,322.4
3/27/2015,61.125,391,321.4
3/30/2015,61.3,394.5,323.2
3/31/2015,62.425,376.25,326.8
4/1/2015,62.9,381.75,331.9
4/2/2015,63.175,386.5,327.3
4/3/2015,63.175,386.5,327.3
4/6/2015,63.25,385,323
4/7/2015,62.575,383,319.7
4/8/2015,62.3,379.25,319.9
4/9/2015,62.1,378,312.1
4/10/2015,62.55,377,309.2
4/13/2015,63.1,370.5,308.8
4/14/2015,63.175,373.5,313.6
4/15/2015,62.875,376,311.5
4/16/2015,71.025,376.25,312.4
4/17/2015,70.525,379.75,315
4/20/2015,70.275,378,318.5
4/21/2015,71.6,373,315.8
4/22/2015,70.7,372.5,315.5
4/23/2015,71.925,370.75,316.6
4/24/2015,71.95,364.5,314.6
4/27/2015,72.275,360.75,315.1
4/28/2015,73.75,361,318.7
4/29/2015,75.325,363.75,324.2
4/30/2015,76.95,362.5,318.9
5/1/2015,76,359.75,314.7
5/4/2015,76.925,358.75,315.8
5/5/2015,79,361.25,318.1
5/6/2015,80.35,366.5,317.6
5/7/2015,79.85,357.75,317.4
5/8/2015,80.85,358.5,315.2
5/11/2015,80.7,358.25,312.1
5/12/2015,81.3,357,302.5
5/13/2015,81.375,356,301.7
5/14/2015,81.7,361,310.6
5/15/2015,83.35,365.5,303.3
5/18/2015,82.4,368,308
5/19/2015,82.15,362,307.1
5/20/2015,82.55,360,304.5
5/21/2015,83.775,365,304.1
5/22/2015,83.725,360,304.2
5/25/2015,83.725,360,304.2
5/26/2015,83.175,355,301.9
5/27/2015,83.775,349.5,308.1
5/28/2015,84.6,353.5,304.8
5/29/2015,83.825,351.5,305.7
6/1/2015,84.65,352.25,296.6
6/2/2015,84.475,359,301.8
6/3/2015,83.55,359,302.7
6/4/2015,82.2,363.5,305.7
6/5/2015,81.675,360.5,304.9
6/8/2015,81.55,365.25,309.5
6/9/2015,81.2,365,316.5
6/10/2015,81.3,357.25,314.4
6/11/2015,81.375,356.5,313.4
6/12/2015,81.45,353,317.4
6/15/2015,77.2,348.25,313.2
6/16/2015,77.15,354,320.8
6/17/2015,78,359.25,323.7
6/18/2015,78.025,358,326.6
6/19/2015,75.75,353.25,323.1
6/22/2015,74.225,360,333.6
6/23/2015,74.35,367.5,331.9
6/24/2015,74.725,366.5,328
6/25/2015,74.65,376.5,336.7
6/26/2015,75.45,385,341.3
6/29/2015,74.25,383.25,341.9
6/30/2015,76.2,414,359.5
7/1/2015,77.1,413.75,359.8
7/2/2015,78.775,419.75,357.4
7/3/2015,78.775,419.75,357.4
7/6/2015,78.725,418.5,354.4
7/7/2015,79.25,415.75,349.9
7/8/2015,79.5,416.25,350.8
7/9/2015,78.725,421.25,364
7/10/2015,78.975,427.25,366
7/13/2015,79.075,433.5,368
7/14/2015,79.925,424,374.8
7/15/2015,80.475,429.5,362.2
7/16/2015,76,430,363.6
7/17/2015,75.675,420.25,361.1
7/20/2015,74.9,405,356
7/21/2015,75.875,406.5,359.9
7/22/2015,78.525,402.75,363.5
7/23/2015,78.275,403.25,359
7/24/2015,77.675,392.5,354.8
7/27/2015,77.525,373,344.2
7/28/2015,79.475,375,345.2
7/29/2015,79.85,367.75,350
7/30/2015,79.675,373.25,357.1
7/31/2015,78.5,371,354.6
8/3/2015,80.2,366.5,351.4
8/4/2015,81.4,368.75,350.7
8/5/2015,80.225,372.75,355.1
8/6/2015,78.075,369.75,350.1
8/7/2015,77.325,372.75,352.6
8/10/2015,76.65,390.25,362.5
8/11/2015,76.725,376.5,347.9
8/12/2015,77.85,357.25,335.9
8/13/2015,78.625,363.75,344.1
8/14/2015,78.825,364,330.9
8/17/2015,66.275,363.25,325.4
8/18/2015,66.125,366.25,324.6
8/19/2015,66,367.25,324
8/20/2015,64.75,371,330.9
8/21/2015,62.825,365.25,326.9
8/24/2015,65.825,368.75,326.4
8/25/2015,67.5,365.5,327.6
8/26/2015,67,361.75,324.4
8/27/2015,67.05,363.75,322.9
8/28/2015,66.425,363.25,321.4
8/31/2015,68.025,363.75,320.9
9/1/2015,67.975,356,317.9
9/2/2015,69.775,354,318.1
9/3/2015,69.45,347.75,316.5
9/4/2015,69.15,349.5,313.9
9/7/2015,69.15,349.5,313.9
9/8/2015,68.775,355,312
9/9/2015,68.925,356.5,312.5
9/10/2015,68.55,361.75,311.4
9/11/2015,67.325,374.5,314.1
9/14/2015,66.825,379,312.7
9/15/2015,69.375,390.5,318.6
9/16/2015,68.25,386,316.3
9/17/2015,70.575,379.75,313.2
9/18/2015,71.05,377.25,309
9/21/2015,71.625,384.5,309.6
9/22/2015,71,380.5,304.9
9/23/2015,70.55,383.25,303.1
9/24/2015,71.65,381.5,302.4
9/25/2015,71.875,389,308.7
9/28/2015,71.425,386.75,304.7
9/29/2015,73.25,389,305.7
9/30/2015,73.525,387.75,308.3
10/1/2015,72.625,388.75,302.6
10/2/2015,73.35,389.25,298.5
10/5/2015,73,393.5,301
10/6/2015,73.6,398.25,301.8
10/7/2015,73.825,395.75,305.2
10/8/2015,74,391.25,303.8
10/9/2015,73.825,382.75,306.9
10/12/2015,74.3,380.75,309.3
10/13/2015,74.85,384.5,320.7
10/14/2015,75.1,379,317.8
10/15/2015,66.825,375.5,314
10/16/2015,65.575,376.75,312
10/19/2015,65.975,373,310.8
10/20/2015,67.85,376.75,309.5
10/21/2015,67.025,380.75,310.5
10/22/2015,66.45,378.25,307.8
10/23/2015,63.6,379.75,305.1
10/26/2015,62.85,384.5,302.2
10/27/2015,61.25,380,304.7
10/28/2015,61.4,376,299.9
10/29/2015,59.875,380,301.6
10/30/2015,59.2,382.25,304.4
11/2/2015,58.225,376.5,302.2
11/3/2015,58.225,380.5,301.3
11/4/2015,57.375,380.5,301.8
11/5/2015,55.4,374.5,296.4
11/6/2015,55,373,295.7
11/9/2015,53.725,366.75,295
11/10/2015,53.55,359,292.2
11/11/2015,56.175,362.25,294
11/12/2015,56.1,362,291.4
11/13/2015,54.8,358.25,288.8
11/16/2015,51.8,360,288.8
11/17/2015,54.175,362,288.5
11/18/2015,54.375,361.75,285.6
11/19/2015,55.4,364.25,286.6
11/20/2015,57.45,363.25,283
11/23/2015,57.45,367.25,285.3
11/24/2015,57.225,364.25,283.8
11/25/2015,58.8,366,284.8
11/26/2015,58.8,366,284.8
11/27/2015,58.725,359.25,282.4
11/30/2015,58.425,365,284.6
12/1/2015,59.95,367,285.7
12/2/2015,59.35,364,286.3
12/3/2015,58.35,370.25,287.1
12/4/2015,57.05,376.25,285.1
12/7/2015,55.475,368.5,278.9
12/8/2015,55.325,370,276.6
12/9/2015,56.75,371.75,278.8
12/10/2015,56.225,377.25,274.2
12/11/2015,56,373,272.2
12/14/2015,55.55,381.75,277.8
12/15/2015,58.925,377.25,271.8
12/16/2015,57.9,369.75,269.9
12/17/2015,55.775,374.25,275.9
12/18/2015,56.625,374.5,281
12/21/2015,56.45,372,279
12/22/2015,56.85,366.25,276.9
12/23/2015,57.775,365.5,272.4
12/24/2015,58.3,364.5,269
12/25/2015,58.3,364.5,269
12/28/2015,59.125,361,267.3
12/29/2015,59.15,362.5,268.5
12/30/2015,59.775,359,265.8
12/31/2015,59.8,358.75,264.3
1/1/2016,59.8,358.75,264.3
1/4/2016,59.425,351.5,263.2
1/5/2016,61.1,353,265.3
1/6/2016,60.825,353.25,266.9
1/7/2016,59.55,353,266.2
1/8/2016,59.85,357,267.9
1/11/2016,59.7,351.75,268.8
1/12/2016,61.9,356.75,274.7
1/13/2016,61.625,358,272.9
1/14/2016,62.35,358,269.7
1/15/2016,62.025,363.25,270.7
1/18/2016,62.025,363.25,270.7
1/19/2016,62.85,367.75,271.3
1/20/2016,62.725,368.75,269.8
1/21/2016,63.75,367,272.2
1/22/2016,63,370.25,268.5
1/25/2016,63.525,369.75,272.5
1/26/2016,64.325,369.25,269.9
1/27/2016,65.375,369.25,272.5
1/28/2016,65.3,365.5,266.9
1/29/2016,65.8,372,272.4
2/1/2016,65.35,371.25,271
2/2/2016,64.2,372.5,274.6
2/3/2016,64.55,371,270.1
2/4/2016,65.125,368.5,267.6
2/5/2016,64.8,365.75,265
2/8/2016,65.025,362.25,264.5
2/9/2016,64.85,361,263.1
2/10/2016,65.15,360.25,261
2/11/2016,65.525,360.25,263.7
2/12/2016,65.95,358.75,262
2/15/2016,65.95,358.75,262
2/16/2016,70.15,363,264.8
2/17/2016,71.15,367.25,263.6
2/18/2016,70.775,365.5,263.5
2/19/2016,68.9,365.5,264.5
2/22/2016,69.25,367.5,264.9
2/23/2016,69.95,362,263.2
2/24/2016,71.475,359.75,262.9
2/25/2016,71.125,355.5,260
2/26/2016,70.85,354.5,257.2
2/29/2016,69.975,353.5,259.3
3/1/2016,70.4,353.75,258.1
3/2/2016,70.05,354.5,261.2
3/3/2016,70.35,353.75,262
3/4/2016,70.8,354.5,267.7
3/7/2016,70.05,355,268.5
3/8/2016,69.775,358.75,270.8
3/9/2016,72.1,359,269.6
3/10/2016,72.175,362.5,270.2
3/11/2016,71.825,366,272
3/14/2016,70.775,366.75,268.1
3/15/2016,70.725,368.5,268.2
3/16/2016,71.3,368.25,267.7
3/17/2016,71.3,368.5,267
3/18/2016,71.45,367,266.6
3/21/2016,69.35,369.5,268.8
3/22/2016,70.15,370,271
3/23/2016,69.675,368.5,270.9
3/24/2016,69.625,370,275.3
3/25/2016,69.625,370,275.3
3/28/2016,69.925,370.5,272.1
3/29/2016,70.25,373,273.2
3/30/2016,68.925,367,271.9
3/31/2016,68.35,351.5,270.3
4/1/2016,67.8,354,272.3
4/4/2016,67.675,354.5,268.2
4/5/2016,67.375,356.75,268.7
4/6/2016,67.5,358,267.9
4/7/2016,67.125,361.5,266.8
4/8/2016,66.825,362.25,273.7
4/11/2016,66.35,356.75,280.1
4/12/2016,66.6,362.75,285.1
4/13/2016,66.525,373.5,292.7
4/14/2016,66.8,374,290.1
4/15/2016,74.4,378.5,295.9
4/18/2016,74.85,381,293
4/19/2016,76.2,384.5,305.1
4/20/2016,77.225,394.75,318.9
4/21/2016,77.025,384.5,325.2
4/22/2016,75.7,371.75,311.7
4/25/2016,74.925,377,316.4
4/26/2016,74.775,382.25,323.3
4/27/2016,76.55,380.75,325.2
4/28/2016,77.325,387,330.6
4/29/2016,77.9,390.25,332.1
5/2/2016,78.425,390.25,345.3
5/3/2016,78.475,378.25,339.5
5/4/2016,77.375,373.25,343
5/5/2016,77.575,371.75,335
5/6/2016,76.8,376,341.2
5/9/2016,76.1,367.75,340.2
5/10/2016,76.7,378.5,360.4
5/11/2016,76.875,374,364.4
5/12/2016,76.925,385.25,366.8
5/13/2016,76.85,382,361
5/16/2016,83.025,394,361.2
5/17/2016,82.75,397,369.1
5/18/2016,81.225,399.5,372.7
5/19/2016,80.425,390,378.1
5/20/2016,79.85,394.5,392.7
5/23/2016,79.075,397.75,387.7
5/24/2016,79.675,397.5,388.9
5/25/2016,80.175,404.75,407.2
5/26/2016,80.55,408.25,409.6
5/27/2016,80.525,412.75,402.6
5/30/2016,80.525,412.75,402.6
5/31/2016,80.575,404.75,396.6
6/1/2016,81.15,413.75,399.1
6/2/2016,82.025,415.25,418.3
6/3/2016,82.3,418.25,414.3
6/6/2016,82.25,427.25,411.7
6/7/2016,81.85,427.75,407.8
6/8/2016,82.05,431.25,417.1
6/9/2016,82.675,426.5,413.5
6/10/2016,82.275,423,414
6/13/2016,81.825,430,408.4
6/14/2016,81.675,436.5,408.6
6/15/2016,86.825,429,407.2
6/16/2016,87.075,425.25,397.7
6/17/2016,86.175,437.75,407.4
6/20/2016,86.425,421.25,402.7
6/21/2016,86.2,396.25,393.3
6/22/2016,84.475,393,391
6/23/2016,84.275,387.25,383.2
6/24/2016,84.05,384.5,375.6
6/27/2016,83.15,385.25,384
6/28/2016,83.15,385.25,392.4
6/29/2016,83.1,372.75,397.1
6/30/2016,82.85,358.75,405.3
7/1/2016,82.675,353,404.8
7/4/2016,82.675,353,404.8
7/5/2016,82.05,344,385.4
7/6/2016,81.575,335.75,386
7/7/2016,81.05,335.5,370
7/8/2016,80.05,349.75,378.7
7/11/2016,79.625,343.75,373.7
7/12/2016,79.95,349.75,378.3
7/13/2016,80.175,365.75,388.5
7/14/2016,80.3,362.25,381.3
7/15/2016,80,352.25,369.4
7/18/2016,77.825,357,373
7/19/2016,77.35,341.75,359.7
7/20/2016,76.2,337.5,352.4
7/21/2016,74.45,334.25,352.5
7/22/2016,75.275,335,346.7
7/25/2016,75.675,334.75,338.9
7/26/2016,74.6,332.5,341.4
7/27/2016,71.675,335.75,344.8
7/28/2016,68.85,331.25,341.5
7/29/2016,68.975,334.5,350
8/1/2016,68.65,325.75,334
8/2/2016,68.925,324.25,328.4
8/3/2016,68.35,325,330.5
8/4/2016,67.7,320.75,329.7
8/5/2016,67.45,324.25,335.8
8/8/2016,67.1,325.25,337.9
8/9/2016,66.925,322.25,339.2
8/10/2016,67.125,322.5,336.2
8/11/2016,67.2,321,333.9
8/12/2016,67.15,322.25,332.9
8/15/2016,62.5,326.5,339.6
8/16/2016,59.85,327.5,336.7
8/17/2016,61,330.25,336.7
8/18/2016,60.7,332,334.4
8/19/2016,61.925,334.25,330
8/22/2016,61.15,333.25,334.2
8/23/2016,60.525,328.5,332.4
8/24/2016,60.325,327.5,331.5
8/25/2016,58.7,323.5,324.3
8/26/2016,61.325,316.25,321.2
8/29/2016,61.375,311.75,319.5
8/30/2016,62.05,304,313.8
8/31/2016,62.85,301.5,312.2
9/1/2016,63.325,311,313.1
9/2/2016,60.75,316.5,313.7
9/5/2016,60.75,316.5,313.7
9/6/2016,58.925,316.75,317.1
9/7/2016,60.875,321,323.8
9/8/2016,61,327,325.1
9/9/2016,59.225,330,323.3
9/12/2016,59.425,329.25,318.3
9/13/2016,56.75,319.25,310.4
9/14/2016,54.925,322.25,315.7
9/15/2016,55.15,330,308.6
9/16/2016,55.475,337,313.7
9/19/2016,54.925,337.25,311.9
9/20/2016,55.55,340.5,313.1
9/21/2016,54.425,340,308.7
9/22/2016,54.2,336.75,307.9
9/23/2016,54,336.5,303.3
9/26/2016,53.05,329,297.6
9/27/2016,51.7,331.75,299.3
9/28/2016,51.7,329.25,299.7
9/29/2016,52.025,329.25,297.9
9/30/2016,49.025,336.75,297.9
10/3/2016,48.925,346,305.9
10/4/2016,48.625,348.25,304.5
10/5/2016,48.225,347.75,303.8
10/6/2016,50.375,340.5,301.5
10/7/2016,50.675,339.75,298.6
10/10/2016,50.675,343.25,296.3
10/11/2016,51.45,345.5,297.6
10/12/2016,52.375,337,294.5
10/13/2016,52.625,349.5,299.8
10/14/2016,52.6,354.25,299.8
10/17/2016,41.6,354,303.5
10/18/2016,41.125,353.75,303.4
10/19/2016,41.175,357.5,306.4
10/20/2016,41.1,351,304.6
10/21/2016,41.85,352.5,306.5
10/24/2016,43.2,348.25,307.3
10/25/2016,44.625,349.25,308.2
10/26/2016,44.2,354,319.1
10/27/2016,45.375,357.5,327.6
10/28/2016,46.8,355,317.5
10/31/2016,47.95,354.75,316.1
11/1/2016,46.45,349,309.5
11/2/2016,47.825,346.25,306.7
11/3/2016,47,348,306.4
11/4/2016,46.15,348.75,309
11/7/2016,47.1,346.25,311.9
11/8/2016,46.975,354.25,315.7
11/9/2016,46.55,340.75,311.4
11/10/2016,47.375,343.5,311.4
11/11/2016,47.125,340.25,307.8
11/14/2016,46.9,337.25,309.9
11/15/2016,46.125,341.5,310.1
11/16/2016,48.025,338.5,308.4
11/17/2016,47.45,342,311.5
11/18/2016,47.8,345.5,310.4
11/21/2016,49.775,349.75,319.7
11/22/2016,49.3,351,324.9
11/23/2016,49.75,350.75,316.4
11/24/2016,49.75,350.75,316.4
11/25/2016,51.05,349.25,320.8
11/28/2016,50.425,348.5,325.9
11/29/2016,50.35,336.75,321.7
11/30/2016,51.025,336.75,316.4
12/1/2016,50.225,331.75,310.9
12/2/2016,50.75,337.5,310.7
12/5/2016,51.5,349.5,317.7
12/6/2016,53.375,351,320.2
12/7/2016,54.7,350.5,319.2
12/8/2016,55.675,346.5,312.4
12/9/2016,56.725,352.5,317.4
12/12/2016,57.375,354.5,314.8
12/13/2016,57.175,356.25,313.5
12/14/2016,57.85,351.75,311.1
12/15/2016,62.4,356.5,314
12/16/2016,64.7,356.25,317.1
12/19/2016,66.1,353.25,312.2
12/20/2016,64,350.25,308.8
12/21/2016,64.9,347.25,309.5
12/22/2016,64.725,347.25,309.3
12/23/2016,63.2,345.75,308
12/26/2016,63.2,345.75,308
12/27/2016,64.75,355,317.8
12/28/2016,65.1,348.25,316.2
12/29/2016,64.65,349.75,314.8
12/30/2016,66.15,352,312.9
1/2/2017,66.15,352,312.9
1/3/2017,63.5,355.75,308.3
1/4/2017,64.6,359.75,315.3
1/5/2017,64.875,361.25,314.4
1/6/2017,63.975,358,307.5
1/9/2017,63.75,360,309.8
1/10/2017,65.05,358.25,313.4
1/11/2017,65.6,357.25,310.7
1/12/2017,65.95,358.25,324.2
1/13/2017,65.6,358.5,332.5
1/16/2017,65.6,358.5,332.5
1/17/2017,65.8,365.5,348.8
1/18/2017,65.2,365,351.1
1/19/2017,65.425,366.25,348.2
1/20/2017,65.3,369.75,348.7
1/23/2017,65,369.5,343.5
1/24/2017,65.225,363.25,343
1/25/2017,67.525,366.25,343.3
1/26/2017,65.85,363.75,342.4
1/27/2017,66.9,362.5,343
1/30/2017,67.1,357.75,334.4
1/31/2017,69.075,359.75,334.6
2/1/2017,69.425,368.25,336
2/2/2017,70.35,367.5,333.8
2/3/2017,70.325,365.25,331.6
2/6/2017,71.35,363.75,332.8
2/7/2017,72.375,368.5,335.9
2/8/2017,73.35,370.75,341.2
2/9/2017,74.225,369.5,338.4
2/10/2017,74.55,374.5,342.1
2/13/2017,74.75,375.5,343.2
2/14/2017,75.175,374.25,339.5
2/15/2017,70.775,378.75,346.9
2/16/2017,69.825,373.5,342
2/17/2017,70.775,368.25,339.6
2/20/2017,70.775,368.25,339.6
2/21/2017,70.35,369.25,337.4
2/22/2017,67.75,371,335
2/23/2017,66.575,365.5,330.8
2/24/2017,68.025,364,331.3
2/27/2017,68.125,360.25,331.1
2/28/2017,67.6,366.75,332.6
3/1/2017,68.425,375.75,335.1
3/2/2017,68.275,372.75,330.8
3/3/2017,66.75,374.75,328.8
3/6/2017,67.175,372.75,329.2
3/7/2017,68.05,369.5,326.9
3/8/2017,68.425,365.25,326.5
3/9/2017,68.075,359.75,324.1
3/10/2017,68.175,358,324.6
3/13/2017,70.225,354.5,326.9
3/14/2017,70.825,353.75,323.3
3/15/2017,70.075,363.5,327.6
3/16/2017,69.9,366,329.3
3/17/2017,69.05,367.5,328.9
3/20/2017,68.65,363.5,326.6
3/21/2017,68,361.25,325.8
3/22/2017,68.15,358.75,323.5
3/23/2017,69.35,356.75,320.7
3/24/2017,67.275,356.25,318.2
3/27/2017,65.65,355.75,315.3
3/28/2017,65.1,357.75,315.3
3/29/2017,65.3,358.5,315.8
3/30/2017,65.625,357.5,314.9
3/31/2017,65.675,364.25,308.4
4/3/2017,64.8,367.75,307.6
4/4/2017,63.675,363,308.1
4/5/2017,63.625,364.75,309.8
4/6/2017,63.925,360.75,308.7
4/7/2017,63.325,359.5,307.4
4/10/2017,63.325,367,309.1
4/11/2017,62.65,366.5,309.3
4/12/2017,62.225,369,312.7
4/13/2017,62.45,371,317.5
4/14/2017,62.45,371,317.5
4/17/2017,61.975,366.5,313.4
4/18/2017,67.15,361.75,312.2
4/19/2017,65.875,361.75,310.8
4/20/2017,63.8,357.75,307.9
4/21/2017,63.025,357,309.6
4/24/2017,64.4,359.25,316.4
4/25/2017,65.225,365,313.5
4/26/2017,64.675,359,309.6
4/27/2017,66.9,362,310.5
4/28/2017,66.975,358,311.7
5/1/2017,66.125,369.25,314.3
5/2/2017,66.95,364,310.8
5/3/2017,67.95,366.25,314.6
5/4/2017,69,358,314.1
5/5/2017,69.4,361.75,312.3
5/8/2017,69.9,356.75,309.5
5/9/2017,70.3,358.25,314.2
5/10/2017,71.05,365.25,313.8
5/11/2017,71.525,360.5,311.1
5/12/2017,71.9,361.75,309.7
5/15/2017,77.25,367.75,312.5
5/16/2017,78.725,367.75,317
5/17/2017,78.9,371.5,315.3
5/18/2017,79.15,366,307.5
5/19/2017,79.5,372.5,307
5/22/2017,79.35,375,307.8
5/23/2017,80.15,369.5,306.3
5/24/2017,80.2,371.25,306.4
5/25/2017,80.95,369.25,304.7
5/26/2017,81.825,374.25,301.8
5/29/2017,81.825,374.25,301.8
5/30/2017,80.5,367,297.6
5/31/2017,81.925,372,298.1
6/1/2017,80.925,370.5,297.5
6/2/2017,81.225,372.75,301.9
6/5/2017,80.725,373,300.6
6/6/2017,81.65,377.25,301.1
6/7/2017,81.625,384.75,304.9
6/8/2017,82.025,385.75,306.1
6/9/2017,82.475,387.75,305.9
6/12/2017,81.975,377.25,301.8
6/13/2017,82.775,381,301.5
6/14/2017,83,377,301.8
6/15/2017,82.05,379.5,300.6
6/16/2017,82.325,384,300.9
6/19/2017,83.9,375.25,301.5
6/20/2017,85,370,300.9
6/21/2017,86.075,368.75,297.9
6/22/2017,85.025,362.75,293.8
6/23/2017,85.3,357.75,293.6
6/26/2017,87.025,359,294.1
6/27/2017,86.475,359.25,294
6/28/2017,87.925,356.75,294.6
6/29/2017,89.475,359.75,294.4
6/30/2017,90.625,370.5,304.4
7/3/2017,90.7,378,311.9
7/4/2017,90.7,378,311.9
7/5/2017,92.05,381.75,316.5
7/6/2017,91.475,380.25,320
7/7/2017,91.725,382.25,328.5
7/10/2017,91.475,391.75,336.4
7/11/2017,92.15,392.25,336.8
7/12/2017,92.575,376.25,334.4
7/13/2017,92.75,361,316.8
7/14/2017,92.6,365.25,322.3
7/17/2017,92.4,375,321.8
7/18/2017,80.5,377,323.5
7/19/2017,82.575,382.5,326.6
7/20/2017,81.1,391,330.5
7/21/2017,81.1,379.75,329.7
7/24/2017,80.375,377.25,325.9
7/25/2017,81.45,368.75,318.3
7/26/2017,82,372.75,319.8
7/27/2017,82.25,374.25,322.3
7/28/2017,81.4,374.25,321
7/31/2017,80.3,370.75,318.6
8/1/2017,79.8,362.5,308.3
8/2/2017,81.95,365,309
8/3/2017,81.975,363.5,306.3
8/4/2017,83.225,366.5,303.5
8/7/2017,83.4,372.25,308
8/8/2017,83.525,369.75,307.8
8/9/2017,84.125,372.25,306.6
8/10/2017,84.45,357.25,294.2
8/11/2017,84.65,360.75,298.1
8/14/2017,84.45,362.75,296.3
8/15/2017,70.525,355.25,295.8
8/16/2017,68.775,352.5,294.6
8/17/2017,66.925,350.5,296.1
8/18/2017,66.125,352,297.2
8/21/2017,64.675,349,295.8
8/22/2017,63.875,346,295.3
8/23/2017,63.55,342,293.3
8/24/2017,63.775,342,297.6
8/25/2017,63.075,338.75,296.4
8/28/2017,61.625,336,295.5
8/29/2017,60.225,333.5,294.6
8/30/2017,61.35,329.5,292.4
8/31/2017,61.4,342.25,294.3
9/1/2017,61.45,340,293.2
9/4/2017,61.45,340,293.2
9/5/2017,63.75,344.25,302.8
9/6/2017,63.55,347,303.6
9/7/2017,61.45,341.75,302.4
9/8/2017,62.15,344.25,300.9
9/11/2017,61.575,345.5,298.9
9/12/2017,59.45,340,295.1
9/13/2017,59.575,338.5,300.3
9/14/2017,59.025,341.75,308.7
9/15/2017,60.975,354.75,308
9/18/2017,60,351.5,309
9/19/2017,60.125,348.25,305
9/20/2017,58.65,350,306.3
9/21/2017,57.325,350.25,309
9/22/2017,55.7,353.5,315
9/25/2017,56.325,353.75,310.1
9/26/2017,55.25,352.25,308.8
9/27/2017,55.4,354,308.8
9/28/2017,55.55,352.5,306.8
9/29/2017,55.4,355.25,311.5
10/2/2017,57.25,351.5,309.1
10/3/2017,59.875,349.5,307.3
10/4/2017,60.325,348.25,306.9
10/5/2017,60.925,349.5,312.9
10/6/2017,59.175,350,315
10/9/2017,59.025,349.5,311.5
10/10/2017,60.175,349.25,312.5
10/11/2017,61.25,346,311.2
10/12/2017,60.7,349,322.7
10/13/2017,60.4,352.75,324.5
10/16/2017,63.7,350.5,324.5
10/17/2017,62.175,350,321.6
10/18/2017,63.75,348.5,321.8
10/19/2017,64.25,349,321.4
10/20/2017,64.85,344.5,317.1
10/23/2017,63.525,351.25,315.9
10/24/2017,64.025,352.75,314.2
10/25/2017,64.475,351,315.4
10/26/2017,65.05,350.5,312.1
10/27/2017,64.45,348.75,312.1
10/30/2017,65.175,348.75,312.3
10/31/2017,68,345.75,311.8
11/1/2017,66.6,348.25,313.6
11/2/2017,65.8,350.5,317.4
11/3/2017,65.1,348.25,313.9
11/6/2017,64.625,348,316.1
11/7/2017,63.925,347.75,315.5
11/8/2017,63.55,348.25,315.2
11/9/2017,63.175,341.5,311.8
11/10/2017,62.475,343.5,314.5
11/13/2017,62.3,342.25,311.3
11/14/2017,59.975,337.5,310.3
11/15/2017,61.125,338.25,311.3
11/16/2017,60.1,336.5,310.5
11/17/2017,60.65,343,318.2
11/20/2017,62.025,345,319.8
11/21/2017,60.7,345,318.3
11/22/2017,62.825,345.25,324.4
11/23/2017,62.825,345.25,324.4
11/24/2017,63.25,342.25,323.8
11/27/2017,64.525,338.75,327.1
11/28/2017,65.75,336.25,323.5
11/29/2017,65.075,339,325
11/30/2017,64.275,341.75,324.5
12/1/2017,65.275,344.75,328.2
12/4/2017,64.95,339.5,335.4
12/5/2017,64.275,339.75,341.3
12/6/2017,63.825,339.25,340.4
12/7/2017,63.575,338.75,333.5
12/8/2017,63.675,340,330
12/11/2017,63.6,336.5,326
12/12/2017,63.75,335.75,322.9
12/13/2017,63.95,336.75,325.1
12/14/2017,64.025,336.25,321.2
12/15/2017,68.525,347.5,320.6
12/18/2017,67.4,347,318.5
12/19/2017,66.9,347.5,315.2
12/20/2017,68.375,349.25,315.7
12/21/2017,68.575,351.25,314.2
12/22/2017,69.975,352,312.8
12/25/2017,69.975,352,312.8
12/26/2017,71.525,352.75,315.2
12/27/2017,71.025,353.75,314.2
12/28/2017,71.55,352,311.8
12/29/2017,71.775,350.75,312.6
1/1/2018,71.775,350.75,312.6
1/2/2018,70.725,353.25,313.5
1/3/2018,71.05,353,314.4
1/4/2018,71.375,351,315.8
1/5/2018,71.425,351.25,317.9
1/8/2018,72.975,347.25,317.5
1/9/2018,73.175,349,314.5
1/10/2018,72.525,349,312.9
1/11/2018,70.975,348.75,309.6
1/12/2018,71.575,346.25,309.8
1/15/2018,71.575,346.25,309.8
1/16/2018,73.9,348.25,322.8
1/17/2018,72.725,353,324.3
1/18/2018,73.05,351.5,328.4
1/19/2018,72.075,352.5,331.6
1/22/2018,71.8,352,338.6
1/23/2018,72.25,351.25,339.6
1/24/2018,72.925,356.5,342
1/25/2018,72.475,355.25,340.4
1/26/2018,72.275,356.5,335.7
1/29/2018,72.4,358.75,337.4
1/30/2018,72.45,361.5,340.5
1/31/2018,73.225,361.5,337.8
2/1/2018,74.825,361.75,334
2/2/2018,75.2,361.5,331.4
2/5/2018,75.825,358.75,327
2/6/2018,74.75,363.5,331.7
2/7/2018,73.85,365.25,335.4
2/8/2018,73.4,365.75,341.7
2/9/2018,73.175,362,343.8
2/12/2018,73.075,367,357.8
2/13/2018,73.35,366.75,365.2
2/14/2018,73.5,367.25,369.9
2/15/2018,69.725,367.75,373.7
2/16/2018,68.15,367.5,373.3
2/19/2018,68.15,367.5,373.3
2/20/2018,69.2,365.5,376.5
2/21/2018,69.9,365.75,378
2/22/2018,71.275,366.75,376.9
2/23/2018,71.375,366.25,375.5
2/26/2018,69.95,368.5,377.2
2/27/2018,69.95,370.5,386.5
2/28/2018,67.225,374.5,394.2
3/1/2018,66.975,378.75,394
3/2/2018,67.575,377.25,390.2
3/5/2018,68.8,378.25,389.3
3/6/2018,68.2,379.75,384.5
3/7/2018,67.8,379.25,380.2
3/8/2018,68.075,385.75,380.6
3/9/2018,67.85,383,371.7
3/12/2018,67.675,384.25,369.8
3/13/2018,67.725,385.5,372.3
3/14/2018,66.875,383.5,368.3
3/15/2018,65.725,386.75,371
3/16/2018,65.45,382.75,372.9
3/19/2018,63.15,375,358.6
3/20/2018,63.25,374.5,361.7
3/21/2018,62.575,375,364.5
3/22/2018,61.325,376,368
3/23/2018,58.425,377.25,377.9
3/26/2018,58.025,374,375
3/27/2018,57.75,374,372.4
3/28/2018,56.925,373.5,371.3
3/29/2018,57.25,387.75,384
3/30/2018,57.25,387.75,384
4/2/2018,54.275,387.25,377.3
4/3/2018,51.675,388.5,380
4/4/2018,53.075,381,381.8
4/5/2018,52.45,389.5,383.6
4/6/2018,52.125,388.5,386.3
4/9/2018,52.9,390.75,389.6
4/10/2018,53.5,389.25,383.9
4/11/2018,53.3,387,380.2
4/12/2018,54.3,388.75,383.4
4/13/2018,53.825,386.25,382.8
4/16/2018,68.175,382.5,377.8
4/17/2018,67.9,380.25,381.1
4/18/2018,69.85,383,376.6
4/19/2018,70.15,382,373.3
4/20/2018,69.95,376.5,374.1
4/23/2018,68,378.5,371.8
4/24/2018,67.45,381.25,372.1
4/25/2018,68.55,386.5,376.2
4/26/2018,67.325,386,379.2
4/27/2018,66.1,389.5,393.2
4/30/2018,66.3,392.5,392.1
5/1/2018,67.45,396.75,403
5/2/2018,66.9,396,400
5/3/2018,67.075,399.5,398.4
5/4/2018,67.075,398.75,394.4
5/7/2018,66.075,393.25,384.8
5/8/2018,66.2,395.5,388.7
5/9/2018,65.925,394.75,389.2
5/10/2018,65.475,394.75,390.5
5/11/2018,65.3,389.75,382.7
5/14/2018,65.25,389,389.8
5/15/2018,74.725,402.25,382.3
5/16/2018,75.9,399.25,376.6
5/17/2018,76.475,395.25,375.1
5/18/2018,74.7,402.5,376.3
5/21/2018,74,402.75,379.1
5/22/2018,73.125,404.75,377.5
5/23/2018,74.6,408.5,380.7
5/24/2018,74.825,404.25,377.3
5/25/2018,74.2,406,380.3
5/28/2018,74.2,406,380.3
5/29/2018,75.675,400,380.2
5/30/2018,77.325,393.5,376.9
5/31/2018,76.625,394,375.3
6/1/2018,77.6,391.5,374.2
6/4/2018,77.575,380.75,368.9
6/5/2018,76.525,383.75,367.3
6/6/2018,78.175,378.25,365
6/7/2018,78.4,376.25,358.4
6/8/2018,79.875,377.75,357.8
6/11/2018,80.15,367.25,351.2
6/12/2018,80.525,377.5,353.5
6/13/2018,81,376,347.7
6/14/2018,81.175,363,343.2
6/15/2018,81.725,361.25,338.9
6/18/2018,83.725,356,335.5
6/19/2018,81.875,353.75,334.5
6/20/2018,80.025,354.25,333.2
6/21/2018,80.475,357,331.8
6/22/2018,79.825,357.25,339.1
6/25/2018,78.075,350.5,332.9
6/26/2018,79.125,352.5,333.7
6/27/2018,80.225,352.5,333.9
6/28/2018,81.125,345,331.4
6/29/2018,82.875,350.25,332.8
7/2/2018,83.2,337.5,329.5
7/3/2018,83.725,342.75,327.8
7/4/2018,83.725,342.75,327.8
7/5/2018,83.3,343.5,328.2
7/6/2018,81.375,351.75,339.8
7/9/2018,80.225,345.75,331.8
7/10/2018,79.5,339.75,334.4
7/11/2018,79.775,331.25,333
7/12/2018,79.95,336.5,333.4
7/13/2018,79.95,330.25,328.8
7/16/2018,79.75,341.75,329.1
7/17/2018,67.9,346.25,329.1
7/18/2018,67.2,347.25,328.2
7/19/2018,67.25,351.25,328.8
7/20/2018,66.45,355.25,326.9
7/23/2018,66.425,357.25,328
7/24/2018,65.55,352,328.9
7/25/2018,66.4,359.25,330
7/26/2018,64.9,361.5,332.6
7/27/2018,63.65,362,332.7
7/30/2018,63.3,367.25,333.9
7/31/2018,61.125,372.25,341.2
8/1/2018,60.25,365,336.5
8/2/2018,58.975,366.75,332.8
8/3/2018,58.5,369.75,332.5
8/6/2018,56.6,371,330
8/7/2018,55.8,370.75,332.7
8/8/2018,54.8,371.25,337.1
8/9/2018,54.975,369.25,334
8/10/2018,54.8,357.75,323.5
8/13/2018,55.525,356.5,327.8
8/14/2018,55,362.25,335
8/15/2018,52.475,361.5,329.5
8/16/2018,55.475,365.25,334.6
8/17/2018,58.6,364.25,330.1
8/20/2018,56.475,362,328.2
8/21/2018,56.225,359.75,324.9
8/22/2018,53.6,352.5,321.1
8/23/2018,51.175,346.75,313.7
8/24/2018,51.775,348.5,312.7
8/27/2018,54.775,346.75,306.3
8/28/2018,52,341,300.7
8/29/2018,51.55,341.25,302.1
8/30/2018,49.125,341,301.4
8/31/2018,50.425,351,303.7
9/3/2018,50.425,351,303.7
9/4/2018,51.075,354.5,308.3
9/5/2018,51.975,351.75,306.2
9/6/2018,54.975,353.5,311
9/7/2018,55.65,354.25,314.2
9/10/2018,55.95,355.5,315.9
9/11/2018,54.475,355.25,314.2
9/12/2018,55.8,341.5,315.7
9/13/2018,55.675,336.25,311.3
9/14/2018,56.225,337,307.3
9/17/2018,56.45,348,302.9
9/18/2018,59.175,343.25,300.5
9/19/2018,60,345.75,306.4
9/20/2018,61.25,352.5,311.4
9/21/2018,60.3,357.25,305.9
9/24/2018,61,360.5,304.7
9/25/2018,62.425,363.75,306.2
9/26/2018,62.2,363,307.7
9/27/2018,61.3,364.75,308.2
9/28/2018,62.175,356.25,305.4
10/1/2018,64.75,365.75,310.5
10/2/2018,66.425,367.5,311.2
10/3/2018,67.475,364.75,307.5
10/4/2018,67.5,367.5,308.4
10/5/2018,68.2,368.25,315.6
10/8/2018,68.45,366.5,314.2
10/9/2018,68.75,364.5,313.5
10/10/2018,68.475,362.75,312
10/11/2018,68.675,369.25,312.8
10/12/2018,68.75,373.75,312.4
10/15/2018,56.75,378.25,327
10/16/2018,56.875,375.25,322.3
10/17/2018,54.7,374.25,323.7
10/18/2018,52.3,370.75,316.3
10/19/2018,51.6,367,313.1
10/22/2018,53.175,369.5,312.8
10/23/2018,54.525,370.25,310.7
10/24/2018,57.525,368.25,306.1
10/25/2018,56.775,361,304.3
10/26/2018,57.925,367.75,307.3
10/29/2018,58.85,366.75,308.2
10/30/2018,59,364.75,305.1
10/31/2018,58.45,363.25,306.4
11/1/2018,58.2,366.75,313.4
11/2/2018,58.125,371.25,311
11/5/2018,57.1,374,310.6
11/6/2018,54.1,373.25,311.4
11/7/2018,55.525,372.25,308
11/8/2018,55.625,373.5,306.1
11/9/2018,55.8,369.75,305.6
11/12/2018,56.55,371.25,305.6
11/13/2018,57.3,366.5,303.9
11/14/2018,57,367,305.7
11/15/2018,57.075,367.5,305.4
11/16/2018,60.075,364.75,310.9
11/19/2018,61.025,362.25,305.5
11/20/2018,58.975,361.25,307.1
11/21/2018,58.275,361.75,306.6
11/22/2018,58.275,361.75,306.6
11/23/2018,59.075,359,305.8
11/26/2018,57.4,356,303
11/27/2018,57.875,356.5,304.9
11/28/2018,57.95,360.5,307.9
11/29/2018,58.725,360.25,306.9
11/30/2018,57.875,366.5,308.3
12/3/2018,58.025,371.25,312.1
12/4/2018,56.875,374.25,312.7
12/5/2018,55.85,374.25,311.9
12/6/2018,54.525,372,310
12/7/2018,54.25,374,309.1
12/10/2018,54.725,374.25,307.9
12/11/2018,54.45,375,308.9
12/12/2018,54.725,376.25,310.8
12/13/2018,54.8,375.5,309.4
12/14/2018,54.95,376.75,309.4
12/17/2018,63.825,384,309.1
12/18/2018,62.65,385.5,310.4
12/19/2018,62.7,381.75,307.8
12/20/2018,62.375,375.25,307.7
12/21/2018,61.125,378.5,305.6
12/24/2018,60.3,377.75,307.5
12/25/2018,60.3,377.75,307.5
12/26/2018,60.375,373.25,303.4
12/27/2018,60.575,374.5,303.9
12/28/2018,60.65,375.5,308.9
12/31/2018,60.975,375,306.2
1/1/2019,60.975,375,306.2
1/2/2019,61.7,375.75,311
1/3/2019,62.15,379.75,312.7
1/4/2019,61.95,383,315.1
1/7/2019,61.9,382.25,318.2
1/8/2019,62.6,380,317.6
1/9/2019,63.775,382,319
1/10/2019,64.075,376.25,312.6
1/11/2019,62.65,378.25,310.4
1/14/2019,61.85,378.5,306.9
1/15/2019,62.15,371.25,309.3
1/16/2019,60.05,374,310.1
1/17/2019,60.85,380,312.2
1/18/2019,61.225,381.75,315.1
1/21/2019,61.225,381.75,315.1
1/22/2019,61.475,379,313
1/23/2019,60.775,378.75,312.9
1/24/2019,59.825,377,312.3
1/25/2019,58.375,380.25,313.9
1/28/2019,57.975,379.75,312.2
1/29/2019,57.325,377.25,311.8
1/30/2019,57.45,381.25,311.1
1/31/2019,56.25,376.5,310
2/1/2019,56.35,378.25,311.8
2/4/2019,57.375,379.25,310.6
2/5/2019,56.425,380.75,309.5
2/6/2019,55.925,380,309
2/7/2019,55.275,376.5,305.5
2/8/2019,55.05,374.25,306.1
2/11/2019,55.175,372.75,304.9
2/12/2019,55.175,378.25,309.2
2/13/2019,55.15,378.75,310.1
2/14/2019,55.1,374.75,305.5
2/15/2019,59.525,374.75,306.5
2/18/2019,59.525,374.75,306.5
2/19/2019,56.525,369.75,305.4
2/20/2019,52.975,370.75,305.2
2/21/2019,55.95,375.5,305.9
2/22/2019,55.45,375.25,305.6
2/25/2019,53.9,370.5,305.4
2/26/2019,55.725,366.25,303.2
2/27/2019,55.6,363.75,305
2/28/2019,55.875,362,302.3
3/1/2019,56.4,364,303.3
3/4/2019,57.325,365,306.3
3/5/2019,57.9,366,305.6
3/6/2019,57.075,362.5,301.8
3/7/2019,57.725,356,302
3/8/2019,60.55,354.75,299.1
3/11/2019,62.85,352.5,296.7
3/12/2019,63.65,356.5,298.3
3/13/2019,63.475,357.25,300.2
3/14/2019,65.8,361.5,301.8
3/15/2019,68.8,373.25,310.8
3/18/2019,71.025,371.5,309.8
3/19/2019,70.825,371.25,310.8
3/20/2019,73.825,371.5,311.6
3/21/2019,78.325,376.25,315.3
3/22/2019,78.325,378.25,315
3/25/2019,78.65,379.75,315.1
3/26/2019,79.725,377.25,311
3/27/2019,81.325,373.75,304.4
3/28/2019,78.875,374,306.5
3/29/2019,77.375,356.5,306.5
4/1/2019,77.4,361.75,309.4
4/2/2019,78.95,361.5,310.6
4/3/2019,79.075,362.75,311
4/4/2019,79.575,365.25,311.9
4/5/2019,79.025,362.5,308
4/8/2019,78.6,360,309.2
4/9/2019,78.525,360,309.1
4/10/2019,78.9,361.75,310.1
4/11/2019,79.225,360,307.2
4/12/2019,79.3,361,307.9
4/15/2019,90.075,362.75,311
4/16/2019,88.975,359,306.5
4/17/2019,88.925,358.25,303.9
4/18/2019,90.2,358.5,303.2
4/19/2019,90.2,358.5,303.2
4/22/2019,89.025,354.75,302.5
4/23/2019,87.825,351.25,301
4/24/2019,89.175,346.75,300.4
4/25/2019,87.85,347.5,306
4/26/2019,87,351.25,299.9
4/29/2019,84.775,352,297.2
4/30/2019,84.3,353.25,296
5/1/2019,87.1,360,296
5/2/2019,86.1,362,292.4
5/3/2019,85.35,363,293.6
5/6/2019,82.375,355.75,291.8
5/7/2019,83.05,358,288.4
5/8/2019,83.575,355.25,288.7
5/9/2019,83.75,344.5,285.3
5/10/2019,83.75,342.5,284.1
5/13/2019,83.55,347.5,284
5/14/2019,83.55,360.5,294
5/15/2019,91.825,369.5,299.8
5/16/2019,92.225,379,301.9
5/17/2019,92.375,383.25,294.3
5/20/2019,91.75,389,297.3
5/21/2019,90.1,394.25,295.3
5/22/2019,89.65,394.5,298.3
5/23/2019,89.425,389.75,297.2
5/24/2019,86.425,404.25,300.5
5/27/2019,86.425,404.25,300.5
5/28/2019,83.975,420.25,312.8
5/29/2019,85.2,418.75,319
5/30/2019,83.675,436.25,327.4
5/31/2019,81.725,427,321.3
6/3/2019,81.575,424.25,320.5
6/4/2019,81.125,425.25,321
6/5/2019,79.85,414.75,317.7
6/6/2019,79.375,420.5,315.9
6/7/2019,78.65,415.75,312.3
6/10/2019,79.275,415.75,313.4
6/11/2019,79.075,427.75,314.4
6/12/2019,79.025,430,319.5
6/13/2019,79.225,442,321.7
6/14/2019,79.375,453,323.5
6/17/2019,83.05,454.75,324.3
6/18/2019,81.475,449.75,322
6/19/2019,81.625,441,316.9
6/20/2019,79.25,450,323
6/21/2019,76.25,442.25,315.6
6/24/2019,72.85,446.75,317.6
6/25/2019,74.4,447.5,315.7
6/26/2019,73.55,443.25,313.4
6/27/2019,73.825,440,312.2
6/28/2019,72.1,420.25,313.1
7/1/2019,72.575,412,304.8
7/2/2019,73.725,413.5,303.5
7/3/2019,73.55,433,306
7/4/2019,73.55,433,306
7/5/2019,72.125,434,303.8
7/8/2019,70.075,438.5,304.2
7/9/2019,71.375,431.75,307.9
7/10/2019,71.75,434.25,309.1
7/11/2019,71.6,447.75,311.6
7/12/2019,71.05,449.5,313.3
7/15/2019,70.775,441,311.6
7/16/2019,79.05,435.25,308.4
7/17/2019,82,436,307.5
7/18/2019,82.775,424.5,307
7/19/2019,83.875,430.75,311.2
7/22/2019,83.225,422.25,308.4
7/23/2019,86.175,425.5,306.4
7/24/2019,86.55,424,306.3
7/25/2019,85.95,418.5,303.9
7/26/2019,86.425,414.5,303.1
7/29/2019,84.425,417,304.2
7/30/2019,82.3,411.25,300.3
7/31/2019,79.325,400.25,298.2
8/1/2019,76.8,392.75,293.2
8/2/2019,76.275,399.5,292.4
8/5/2019,77.85,405.25,294.9
8/6/2019,77.125,404,295.1
8/7/2019,77.725,406.5,293
8/8/2019,77.35,411,294.8
8/9/2019,79.025,410.25,296.7
8/12/2019,79.175,385.25,291.9
8/13/2019,79,366,297.8
8/14/2019,79.4,359,293
8/15/2019,65,360.75,291.8
8/16/2019,62,371,294.9
8/19/2019,64.025,365,292
8/20/2019,64.975,359.5,294
8/21/2019,63.3,362.5,294.7
8/22/2019,62.3,363.25,293.7
8/23/2019,59.3,359.75,289.9
8/26/2019,63.8,358.5,293
8/27/2019,63.225,357,291.5
8/28/2019,63.5,362.75,294
8/29/2019,64.9,359.75,292
8/30/2019,63.525,358,289.3
9/2/2019,63.525,358,289.3
9/3/2019,66.525,349.75,288
9/4/2019,67.125,346,292.2
9/5/2019,66.3,346.5,288.7
9/6/2019,63.5,342.5,287.2
9/9/2019,62.6,340.75,288.5
9/10/2019,62.725,348.5,292.9
9/11/2019,60.175,348.25,289.6
9/12/2019,63.175,354.5,296.1
9/13/2019,66.475,355.5,298.2
9/16/2019,63.625,374,295.2
9/17/2019,62.1,368,294.1
9/18/2019,62.925,371.25,291.6
9/19/2019,61.4,372.75,292.2
9/20/2019,60.35,370.75,291.1
9/23/2019,60.95,373.25,294.5
9/24/2019,62,374.75,295.4
9/25/2019,64.575,374.25,293.2
9/26/2019,64.225,372.5,290.8
9/27/2019,65.275,371.5,289.9
9/30/2019,65.45,388,295.9
10/1/2019,62.55,392.5,304.1
10/2/2019,62.2,387.75,300.3
10/3/2019,62.425,388.75,298
10/4/2019,62.4,384.75,298.8
10/7/2019,60.5,387,297.4
10/8/2019,61.7,395.75,302.3
10/9/2019,62.8,394.25,305.4
10/10/2019,62.4,380.25,304.1
10/11/2019,62.925,397.75,306.9
10/14/2019,63.075,397.75,306
10/15/2019,72.125,393.25,307.8
10/16/2019,70.625,391.75,304.8
10/17/2019,68.15,394.75,306.8
10/18/2019,67.95,391,308.5
10/21/2019,67.825,387.25,307.7
10/22/2019,65.5,388,306.9
10/23/2019,65.825,387.75,308.6
10/24/2019,64.55,386.75,305.6
10/25/2019,64.925,386.75,303.3
10/28/2019,65.65,384,304
10/29/2019,64.325,386.25,303
10/30/2019,65.775,390.75,302.2
10/31/2019,66,390,304.4
11/1/2019,64.45,389.25,303.9
11/4/2019,64.525,383.25,302.4
11/5/2019,67.275,381.75,302.7
11/6/2019,64.775,378.75,298.9
11/7/2019,64.3,375.25,305.6
11/8/2019,64.125,377.25,304.9
11/11/2019,63.3,373.25,300.6
11/12/2019,64.725,377.75,302.3
11/13/2019,63.125,375.25,304.1
11/14/2019,62.75,375.75,303.1
11/15/2019,63.2,371.25,307.1
11/18/2019,62.75,367.75,301.2
11/19/2019,62.15,370,302
11/20/2019,60.45,366.75,299.8
11/21/2019,60.65,368.5,301
11/22/2019,61.225,368.75,299
11/25/2019,61.025,370.5,298.3
11/26/2019,60.825,367.5,294.7
11/27/2019,60.675,362.75,293.8
11/28/2019,60.675,362.75,293.8
11/29/2019,62.025,371.25,290.9
12/2/2019,60.35,373.5,291.3
12/3/2019,62.5,372,292.5
12/4/2019,61.875,368.75,294.6
12/5/2019,61.575,365.5,299.5
12/6/2019,61.125,366.5,297.4
12/9/2019,60,365.75,296.7
12/10/2019,60.475,363.25,296.9
12/11/2019,60.7,357.75,293.3
12/12/2019,61,367,292.6
12/13/2019,60.475,366.25,295.5
12/16/2019,70.5,388,301.3
12/17/2019,69.85,390,302.3
12/18/2019,69.9,387,302.9
12/19/2019,70.975,386.5,298.4
12/20/2019,70.675,387.75,297.9
12/23/2019,70.25,388.75,301.4
12/24/2019,70.7,387.5,301.8
12/25/2019,70.7,387.5,301.8
12/26/2019,70.9,388.5,299.5
12/27/2019,70.575,390,295.4
12/30/2019,71.8,388.25,297.5
12/31/2019,71.425,387.75,299.9
1/1/2020,71.425,387.75,299.9
1/2/2020,71.55,391.5,300.6
1/3/2020,68.55,386.5,296.1
1/6/2020,68.625,384.75,297.7
1/7/2020,69.225,384.5,296.4
1/8/2020,69.025,384.25,296.9
1/9/2020,67.025,383.25,296.2
1/10/2020,67.25,385.75,298.7
1/13/2020,65.9,389.5,299
1/14/2020,67.675,389,297.2
1/15/2020,67.875,387.5,300.1
1/16/2020,66.875,375.5,300.6
1/17/2020,67.675,389.25,300.6
1/20/2020,67.675,389.25,300.6
1/21/2020,67.35,387.5,299.1
1/22/2020,67.55,388.75,297.9
1/23/2020,68.5,393.75,298.9
1/24/2020,67.225,387.25,298.3
1/27/2020,65.95,380.5,297.8
1/28/2020,66.225,386.5,297.6
1/29/2020,64.3,384.25,296.1
1/30/2020,61.3,379.5,291.5
1/31/2020,57.125,381.25,291
2/3/2020,56.3,378.75,289.8
2/4/2020,56.75,382.25,288.5
2/5/2020,57.1,380.75,287.4
2/6/2020,57.7,379.25,288.2
2/7/2020,57.1,383.5,289.3
2/10/2020,56.2,381.75,291.4
2/11/2020,56.125,379.75,290.8
2/12/2020,55.675,383,291.7
2/13/2020,56,379.5,291.9
2/14/2020,55.9,377.75,291.1
2/17/2020,55.9,377.75,291.1
2/18/2020,65.5,383,292.2
2/19/2020,67.575,380.5,293
2/20/2020,66.875,378.5,292.9
2/21/2020,67.025,377,289.2
2/24/2020,64.625,372.25,286.1
2/25/2020,64.675,372.5,286.5
2/26/2020,65.15,370.5,291.3
2/27/2020,62.55,364.5,296.9
2/28/2020,62.275,366.5,298.6
3/2/2020,62.8,374.75,302.2
3/3/2020,63.55,381.75,303.8
3/4/2020,64.3,387,305.2
3/5/2020,65.375,384.5,300.4
3/6/2020,65.925,377.25,301.3
3/9/2020,63,374.25,296.6
3/10/2020,65,380,295.9
3/11/2020,63.875,379.25,295.9
3/12/2020,60.875,369.75,298.6
3/13/2020,56.375,370.75,295.9
3/16/2020,53.975,354.75,296.3
3/17/2020,58.475,344,298.3
3/18/2020,58.15,335.25,304
3/19/2020,61.15,345.5,314.8
3/20/2020,61.575,343.75,325.2
3/23/2020,64.575,343.5,333.6
3/24/2020,66.425,347.25,332.1
3/25/2020,65.85,348.5,321.7
3/26/2020,62.9,348.75,322.9
3/27/2020,58.45,346,323.1
3/30/2020,53.95,341.25,325.5
3/31/2020,52.2,340.75,321.5
4/1/2020,49.2,334.75,314.9
4/2/2020,44.7,333.5,309.1
4/3/2020,40.225,330.75,303.2
4/6/2020,41.125,327.75,297
4/7/2020,44.125,331.5,293.8
4/8/2020,43.125,330,292.8
4/9/2020,42.8,331.75,292.5
4/10/2020,42.8,331.75,292.5
4/13/2020,44.9,331.5,288.6
4/14/2020,45.65,326,287.5
4/15/2020,45.6,319.25,292.2
4/16/2020,37.325,319.75,291.8
4/17/2020,37.925,322.25,288.2
4/20/2020,40.6,314.25,285.6
4/21/2020,44.275,309.25,289.1
4/22/2020,47.225,317.5,288.3
4/23/2020,50.975,319.25,288.7
4/24/2020,52.525,315.75,287.7
4/27/2020,56.275,305.5,285.3
4/28/2020,55.05,302.75,281.8
4/29/2020,56.275,304.5,283.2
4/30/2020,59.125,311.5,289.6
5/1/2020,62.875,311.5,287.4
5/4/2020,67.725,310.75,283.3
5/5/2020,66.15,313,284.8
5/6/2020,68.1,311.75,283.1
5/7/2020,68.8,316,283.6
5/8/2020,67.3,319,286.7
5/11/2020,66.325,318.5,286.3
5/12/2020,68.025,323.75,288.6
5/13/2020,68,320.25,285.2
5/14/2020,68.675,320.25,285.2
5/15/2020,57.875,319.25,287.5
5/18/2020,57.65,320.75,285.1
5/19/2020,56.65,321.25,284.6
5/20/2020,56.875,319.5,285.5
5/21/2020,59.35,317.75,282.5
5/22/2020,58.775,318,284.1
5/25/2020,58.775,318,284.1
5/26/2020,60.5,319,283.9
5/27/2020,60.175,320.5,282
5/28/2020,56.925,327.5,284.3
5/29/2020,56.85,325.75,283.2
6/1/2020,54.6,323.25,283.1
6/2/2020,52.4,324.25,283.7
6/3/2020,48.65,324,286.3
6/4/2020,48.425,329,289.8
6/5/2020,47.45,331.25,289.1
6/8/2020,48.575,333.75,288.4
6/9/2020,48.075,327.5,287.1
6/10/2020,47.85,326.25,288.8
6/11/2020,47.975,329.75,289.7
6/12/2020,48.05,330,289
6/15/2020,52.275,329.25,288.4
6/16/2020,49.65,329,287.9
6/17/2020,49.65,330.25,287.8
6/18/2020,49.9,331,288.8
6/19/2020,48.45,332.5,287
6/22/2020,46.825,328.25,286.5
6/23/2020,46.9,325,286.3
6/24/2020,45.925,324.25,286.7
6/25/2020,46.925,317.25,285.5
6/26/2020,45.275,317,282.1
6/29/2020,45.375,326.25,280.5
6/30/2020,45.175,338.5,286.3
7/1/2020,44.8,348.25,292.7
7/2/2020,44.725,342.5,293.5
7/3/2020,44.725,342.5,293.5
7/6/2020,44.95,346.5,295.4
7/7/2020,44.525,345,293.3
7/8/2020,44.05,348.25,291.6
7/9/2020,45.85,351.25,295.1
7/10/2020,45.975,340.5,290.8
7/13/2020,46.675,334,283.1
7/14/2020,46.8,334.75,283.7
7/15/2020,47.325,326.25,285.8
7/16/2020,53.65,330.25,287
7/17/2020,52.8,333,286.5
7/20/2020,50.4,328.25,288.6
7/21/2020,51.475,322.75,285.6
7/22/2020,52.65,327.5,286.6
7/23/2020,54.475,328,290.4
7/24/2020,54,326.25,290.8
7/27/2020,54.55,325,292.5
7/28/2020,54.2,320,288.9
7/29/2020,53.075,315.5,286.9
7/30/2020,51.425,315.75,289.8
7/31/2020,52,316,289.3
8/3/2020,49.875,317.5,287.1
8/4/2020,49.7,308.25,283.7
8/5/2020,49.45,311,282.3
8/6/2020,49.75,311.25,280.7
8/7/2020,51,307.75,280
8/10/2020,53.125,310.5,282.2
8/11/2020,53.075,311.5,282
8/12/2020,52.9,314.5,282.2
8/13/2020,53.7,325.25,290.1
8/14/2020,53.825,324.5,289.7
8/17/2020,53.525,331,298.3
8/18/2020,51.425,327,296.2
8/19/2020,52.55,325,295.7
8/20/2020,55.175,324.5,293.8
8/21/2020,54.25,327,290.2
8/24/2020,54.6,331.75,289.1
8/25/2020,55.95,340.75,291.6
8/26/2020,55.55,340.5,291.5
8/27/2020,55.725,344.25,294.9
8/28/2020,53.65,346,301.6
8/31/2020,53.6,348.5,304.6
9/1/2020,55.025,349.5,302.8
9/2/2020,56.4,349.75,302.3
9/3/2020,59.25,344.5,305.2
9/4/2020,59.825,347.25,309.8
9/7/2020,59.825,347.25,309.8
9/8/2020,59.9,351,307.2
9/9/2020,61.375,350,310.9
9/10/2020,64.375,357.25,311.1
9/11/2020,66.575,365,318.4
9/14/2020,64.625,357.5,316.2
9/15/2020,65.7,366,314.3
9/16/2020,65.225,371.75,320.8
9/17/2020,66.525,375.25,330.4
9/18/2020,66.5,378.5,337.4
9/21/2020,65.6,369.75,333.4
9/22/2020,68.325,369.25,337.3
9/23/2020,69.5,368.5,342.1
9/24/2020,69.475,363.5,333.8
9/25/2020,71.75,365.25,336.9
9/28/2020,72.7,366.75,332.6
9/29/2020,72.375,364.75,327.3
9/30/2020,72.8,379,339.7
10/1/2020,74.15,382.75,345
10/2/2020,74.5,379.75,349.4
10/5/2020,74.75,379.5,343.6
10/6/2020,76.325,385,354.3
10/7/2020,76.875,388.75,361
10/8/2020,77.35,387,359.2
10/9/2020,78.125,395,363.1
10/12/2020,78.175,389,356.7
10/13/2020,77.8,391.25,358.5
10/14/2020,78.425,396.5,358.4
10/15/2020,69.875,403.75,372.1
10/16/2020,69.8,402,367.5
10/19/2020,71.425,405.25,373.2
10/20/2020,69.25,408.75,371.9
10/21/2020,69.2,413.75,378.8
10/22/2020,66.2,416.25,382.4
10/23/2020,67.025,419.25,386.4
10/26/2020,67.75,417.75,389.6
10/27/2020,67.65,416,384
10/28/2020,66.375,401.5,376.7
10/29/2020,65.625,398.5,376.9
10/30/2020,65.575,398.5,378.6
11/2/2020,65.95,397.5,375.1
11/3/2020,65.4,401,377.2
11/4/2020,66.35,405.25,385.7
11/5/2020,67.425,409.25,387.8
11/6/2020,64.9,406.75,382.4
11/9/2020,65.6,407.5,384.1
11/10/2020,65.125,423,394.8
11/11/2020,64.8,417.25,392.7
11/12/2020,65.8,408.25,388.1
11/13/2020,64.9,410.5,388.1
11/16/2020,65.15,416.25,389.3
11/17/2020,65.525,420.25,395.8
11/18/2020,65.8,425.75,394.9
11/19/2020,63.7,422.5,393.7
11/20/2020,64.125,423.25,394.7
11/23/2020,64.95,426.5,394.9
11/24/2020,65.3,425.75,398.3
11/25/2020,66.175,420,396.9
11/26/2020,66.175,420,396.9
11/27/2020,65.875,425.5,398.5
11/30/2020,67.575,419.75,393.1
12/1/2020,66.975,414.75,393.5
12/2/2020,66.35,419,389.5
12/3/2020,66.025,422.5,392.8
12/4/2020,65.875,417,388.8
12/7/2020,64.5,419.5,386.5
12/8/2020,64.55,417,381.7
12/9/2020,65.125,422,384.4
12/10/2020,64.8,420.25,381
12/11/2020,64.675,424.25,384.1
12/14/2020,64.9,419.25,380.8
12/15/2020,66.45,424.75,388.2
12/16/2020,65.975,427.25,394.5
12/17/2020,65.5,432.5,397.9
12/18/2020,65.8,437.5,405.5
12/21/2020,65.925,440,412.3
12/22/2020,66.025,443.5,415
12/23/2020,67.85,447.25,421.2
12/24/2020,66.95,451,416.8
12/25/2020,66.95,451,416.8
12/28/2020,66.5,456.5,415.3
12/29/2020,67.2,466,427
12/30/2020,67.6,474.5,432.4
12/31/2020,70.275,484,434.4
1/1/2021,70.275,484,434.4
1/4/2021,71.225,483.75,427.2
1/5/2021,70.925,491.75,435.4
1/6/2021,69.775,495,443.3
1/7/2021,69.125,494,438
1/8/2021,68.7,496.25,444.8
1/11/2021,68.475,492.25,451.8
1/12/2021,68.5,517.25,471.2
1/13/2021,66.85,524.5,462.4
1/14/2021,66.3,534.25,464.9
1/15/2021,67.925,531.5,463.2
1/18/2021,67.925,531.5,463.2
1/19/2021,66.475,526,450.5
1/20/2021,68.425,522,442.4
1/21/2021,68.1,524.25,438.2
1/22/2021,69.925,500.5,421.6
1/25/2021,70.625,511.5,429.6
1/26/2021,70.45,532.25,436.5
1/27/2021,70.575,534,436.6
1/28/2021,69.95,534.5,427.1
1/29/2021,69.8,547,431
2/1/2021,69.55,549.25,430.5
2/2/2021,71.55,543,428
2/3/2021,72.375,552,435.5
2/4/2021,71.025,550,433.1
2/5/2021,70.975,548.5,430.5
2/8/2021,72.175,563.75,436.6
2/9/2021,72.6,556.25,438.7
2/10/2021,73.55,534.5,422.3
2/11/2021,74.025,541,428.9
2/12/2021,74,538.75,427.2
2/15/2021,74,538.75,427.2
2/16/2021,86.175,552.25,428.4
2/17/2021,84.9,553,431.7
2/18/2021,84.925,550.25,425.9
2/19/2021,84.5,542.75,424.3
2/22/2021,85.125,551,423.1
2/23/2021,86.425,553.75,426.5
2/24/2021,89.425,559.25,428.3
2/25/2021,89.75,554.75,424.1
2/26/2021,87.15,555.5,423.2
3/1/2021,87.725,547.5,420.2
3/2/2021,85.35,560.75,423.3
3/3/2021,87.925,550.25,420.2
3/4/2021,87.3,546.25,418.1
3/5/2021,87.175,562,420
3/8/2021,87.3,565,418.3
3/9/2021,88.35,562,419.2
3/10/2021,88.775,547.75,410.1
3/11/2021,91.5,555,402
3/12/2021,91.4,549.25,396.3
3/15/2021,90.55,549.5,407.4
3/16/2021,92.9,554.25,406.1
3/17/2021,93.675,558,404.9
3/18/2021,94.3,546.5,398.2
3/19/2021,94.25,557.75,407.9
3/22/2021,95.05,549,396.6
3/23/2021,96.475,551.25,398.8
3/24/2021,97.775,553.25,401
3/25/2021,99.675,546.5,404.6
3/26/2021,100.8,552.5,404
3/29/2021,100.375,546.75,398.1
3/30/2021,100.925,539.25,398.2
3/31/2021,101.05,564.25,423.2
4/1/2021,101.775,559.75,410.2
4/2/2021,101.775,559.75,410.2
4/5/2021,102.4,553.25,406.3
4/6/2021,102.1,554.25,406.4
4/7/2021,102.875,560.5,409.1
4/8/2021,103.475,579.75,406.8
4/9/2021,103.475,577.25,401.2
4/12/2021,103.525,569,401.9
4/13/2021,103.4,580,395
4/14/2021,103.6,594,398.2
4/15/2021,103.4,590,401.9
4/16/2021,102.475,585.5,402.2
4/19/2021,105.65,592,407.5
4/20/2021,108.075,606.5,410.4
4/21/2021,107.6,625.5,412.3
4/22/2021,107.45,650.5,422
4/23/2021,109.35,655.5,422.4
4/26/2021,109.25,680.5,428.8
4/27/2021,109.8,695.5,425.5
4/28/2021,111.275,686.25,421.3
4/29/2021,108.725,702,422.6
4/30/2021,110.125,740,426
5/3/2021,110.7,732.25,416.2
5/4/2021,111.15,744.75,423.5
5/5/2021,111.375,753.25,424.3
5/6/2021,111.4,759.5,427.7
5/7/2021,111.975,772.75,442.5
5/10/2021,111.9,748,444.4
5/11/2021,111.475,759.5,449.5
5/12/2021,111.8,757.5,450.9
5/13/2021,111.475,719,423.5
5/14/2021,111.15,685,423.5
5/17/2021,108.65,652.5,414.9
5/18/2021,110.65,658.25,410.8
5/19/2021,110.95,658.25,403.2
5/20/2021,112.25,664.5,401.1
5/21/2021,114.225,659.5,398.9
5/24/2021,113.35,657.25,400.2
5/25/2021,115.25,620.25,386.3
5/26/2021,115.275,624.5,383.8
5/27/2021,115.725,664.5,390.3
5/28/2021,117.25,656.75,395.5
5/31/2021,117.25,656.75,395.5
6/1/2021,118.625,688.75,398.7
6/2/2021,118.25,675,394
6/3/2021,119.375,662,391.6
6/4/2021,119.5,682.75,396.2
6/7/2021,119.9,679.25,386.9
6/8/2021,120.7,680,389.8
6/9/2021,121.95,690.75,386.4
6/10/2021,122.45,699,381.6
6/11/2021,122.675,684.5,383.3
6/14/2021,122.875,659.25,373.9
6/15/2021,118.5,667.5,372.4
6/16/2021,115.5,673,379.2
6/17/2021,111,633,361.5
6/18/2021,108.675,655.25,373.4
6/21/2021,107.05,659.25,373.1
6/22/2021,107.525,659.75,363.3
6/23/2021,104.525,664.25,354.2
6/24/2021,100.025,653.25,345.8
6/25/2021,101.95,636.5,347.2
6/28/2021,104.95,675.5,351.6
6/29/2021,106.975,694.5,348.4
6/30/2021,107.475,720,375.5
7/1/2021,107.3,719.75,381.8
7/2/2021,108.65,697.25,379.9
7/5/2021,108.65,697.25,379.9
7/6/2021,109.925,656,355
7/7/2021,109.15,652.5,357.2
7/8/2021,110.1,638,355.3
7/9/2021,111,629.75,352.5
7/12/2021,112.475,669.25,354.9
7/13/2021,112.25,677,355.1
7/14/2021,112.375,683,366.6
7/15/2021,112.125,564.25,362.7
7/16/2021,105.65,556,363.2
7/19/2021,104.475,556,359.8
7/20/2021,105,571.75,365.5
7/21/2021,106.575,571.75,369.8
7/22/2021,106.65,564.5,363.2
7/23/2021,107.35,547.25,353.6
7/26/2021,107.4,549.75,353.6
7/27/2021,107.475,548.75,358.8
7/28/2021,105.7,549.25,356.1
7/29/2021,106.3,558,356.5
7/30/2021,106.2,547,352.6
8/2/2021,107.5,558.75,357.2
8/3/2021,109.075,550.5,347.8
8/4/2021,109.475,545.75,353.1
8/5/2021,109.475,555.75,356.9
8/6/2021,108.75,555,358.8
8/9/2021,108.9,550.25,359.6
8/10/2021,109.675,549.25,360.3
8/11/2021,109.625,556.25,355.4
8/12/2021,110.125,567,355.4
8/13/2021,109.8,568.25,358.1
8/16/2021,89,564.75,359.4
8/17/2021,87.9,558.25,360.1
8/18/2021,89.1,561.75,357.6
8/19/2021,86.925,550,351.5
8/20/2021,88.625,538.75,353.3
8/23/2021,87.475,538,346.6
8/24/2021,86.975,544.5,354.9
8/25/2021,88.75,551.25,352.3
8/26/2021,87.9,552.75,356.5
8/27/2021,90.725,558,354.2
8/30/2021,90.15,540.25,347.6
8/31/2021,88.8,534,346.4
9/1/2021,90.15,515.5,343.7
9/2/2021,89.85,516.25,337.9
9/3/2021,89.575,508,340.9
9/6/2021,89.575,508,340.9
9/7/2021,88.1,495.75,337.3
9/8/2021,87.375,498.25,337.4
9/9/2021,85.475,496,336.3
9/10/2021,82.45,502.75,342
9/13/2021,80.775,496.75,344.7
9/14/2021,80.375,503,341.2
9/15/2021,82.275,533.5,335.9
9/16/2021,85.475,529.5,340.2
9/17/2021,85.725,527.25,338.5
9/20/2021,84.975,521.75,336.1
9/21/2021,84.375,517,337.9
9/22/2021,83.85,525.5,337.9
9/23/2021,84.75,529.25,336.6
9/24/2021,87.275,526.75,336.1
9/27/2021,90.25,539.5,337.3
9/28/2021,91.675,532.5,337.3
9/29/2021,90.8,539,338.1
9/30/2021,91.6,536.75,326.2
10/1/2021,92.3,541.5,325
10/4/2021,90.8,540.75,322.1
10/5/2021,90.975,537.5,320.2
10/6/2021,89.625,532.25,321.6
10/7/2021,89.85,534,318.8
10/8/2021,90.25,530.5,317.5
10/11/2021,89.95,533,316.2
10/12/2021,89.075,522.5,312.9
10/13/2021,88.65,512.25,313.4
10/14/2021,88.2,516.75,317.1
10/15/2021,78.275,525.75,316.6
10/18/2021,78.75,532.75,317.9
10/19/2021,77.4,530.25,322.6
10/20/2021,76.025,539.25,328.4
10/21/2021,73.2,532.25,324
10/22/2021,73.325,538,327.4
10/25/2021,74.2,538,327.2
10/26/2021,72.575,543.5,326.9
10/27/2021,71.975,557.25,330.9
10/28/2021,75.2,562.75,330.9
10/29/2021,76.075,568.25,332.6
11/1/2021,76.15,579,329.1
11/2/2021,74.25,573,337.2
11/3/2021,75.95,564,340.8
11/4/2021,77.875,559.25,335.8
11/5/2021,76.55,553,332.7
11/8/2021,76.375,551.5,331.8
11/9/2021,74.95,554.75,342.5
11/10/2021,75.7,569.25,342.4
11/11/2021,75.375,569.5,344.5
11/12/2021,75.875,577.25,362.1
11/15/2021,75.8,576.5,371.7
11/16/2021,77.725,571,367.5
11/17/2021,76.175,575.25,374.7
11/18/2021,75.1,573,370.4
11/19/2021,73.75,570.75,371.8
11/22/2021,74.65,576.75,370
11/23/2021,74.15,580.5,362.2
11/24/2021,75.425,579.75,357.6
11/25/2021,75.425,579.75,357.6
11/26/2021,73.2,586.75,356.2
11/29/2021,72.4,581,347.7
11/30/2021,73.375,567,348.8
12/1/2021,73.625,572,356.5
12/2/2021,74.4,577,358
12/3/2021,74,586,367.7
12/6/2021,72.05,583.5,359.7
12/7/2021,72.075,586.25,358.9
12/8/2021,70.825,584.75,365.6
12/9/2021,72.425,588.5,368.8
12/10/2021,73.05,588.5,377.9
12/13/2021,72.275,584.25,384
12/14/2021,72.175,588.75,404.5
12/15/2021,79.325,585.75,372.2
12/16/2021,80.35,591.25,372.3
12/17/2021,80.8,593.25,379.5
12/20/2021,79.475,591,386.2
12/21/2021,82.425,598.25,394
12/22/2021,83.35,602.5,402.8
12/23/2021,83.225,605.75,406.1
12/24/2021,83.225,605.75,406.1
12/27/2021,83.65,614.75,414.8
12/28/2021,82.625,604.75,415.9
12/29/2021,83.825,605.5,415.4
12/30/2021,82.7,596,413.6
12/31/2021,81.475,593.25,411.7
1/3/2022,81.125,589.25,423.9
1/4/2022,80.15,609.5,427.6
1/5/2022,82.275,602.25,424.1
1/6/2022,82.95,603.75,420.4
1/7/2022,79.65,606.75,433.5
1/10/2022,78.375,599.75,427.6
1/11/2022,77.85,601,427.3
1/12/2022,78.85,599,431
1/13/2022,77.85,587.5,423.7
1/14/2022,80.9,596.25,445
1/17/2022,80.9,596.25,445
1/18/2022,81.6,599.5,390.1
1/19/2022,82.3,610.5,398.3
1/20/2022,84.925,611,400.8
1/21/2022,86.2,616.25,392.7
1/24/2022,86.325,621,393.9
1/25/2022,87.45,620,392
1/26/2022,88.025,627,400.5
1/27/2022,87.025,625.25,404.7
1/28/2022,87.925,636,411.2
1/31/2022,88.475,626,418.9
2/1/2022,88.15,634.75,436
2/2/2022,87.35,622.5,435.1
2/3/2022,86.45,616.75,437.1
2/4/2022,87.025,620.5,443.9
2/7/2022,87.7,635.25,452.8
2/8/2022,90.325,632.25,454.1
2/9/2022,90.225,646.75,461.9
2/10/2022,90.175,641.75,454
2/11/2022,90.5,651,456.6
2/14/2022,91.625,655.75,448.4
2/15/2022,104.15,638,438.8
2/16/2022,105.4,647,449.4
2/17/2022,107.575,650,449.2
2/18/2022,109.4,654.25,447.9
2/21/2022,109.4,654.25,447.9
2/22/2022,112.075,674.75,453.7
2/23/2022,108.025,683.75,471.1
2/24/2022,105.525,695,464.9
2/25/2022,103.675,659.5,448.3
2/28/2022,103.5,697.5,454.9
3/1/2022,106.2,739.75,463.7
3/2/2022,106.3,739,457.7
3/3/2022,105.2,751.25,461.4
3/4/2022,100.45,756.5,468.9
3/7/2022,100.275,749.25,467.9
3/8/2022,102.925,754.5,489.9
3/9/2022,101.15,735,495
3/10/2022,100.1,757.75,506.8
3/11/2022,102.725,764.5,493.1
3/14/2022,102.2,728.25,521.9
3/15/2022,102.4,758,484
3/16/2022,102.375,730,478
3/17/2022,100.35,754.5,474.1
3/18/2022,99.4,741.75,477
3/21/2022,100.625,756.25,481.3
3/22/2022,100.25,753,476.8
3/23/2022,102.55,757.75,485.1
3/24/2022,102.775,748.25,485.9
3/25/2022,107.475,754,487.9
3/28/2022,107.575,748.5,478.9
3/29/2022,106.05,726.25,466
3/30/2022,104.525,738,473.1
3/31/2022,101.75,748.75,467.5
4/1/2022,101.3,735,450
4/4/2022,99.45,750.5,455.1
4/5/2022,97.675,759.75,465.9
4/6/2022,98.75,756.5,461.8
4/7/2022,99.05,757.75,460.2
4/8/2022,99.025,768.75,468.2
4/11/2022,98.425,764.5,459.1
4/12/2022,99.625,776.25,460.9
4/13/2022,99.9,783.5,458.2
4/14/2022,99.875,790.25,461.4
4/15/2022,99.875,790.25,461.4
4/18/2022,116.525,813.25,466
4/19/2022,114.7,804,464.4
4/20/2022,112.475,815.75,471.4
4/21/2022,110.85,799.25,468.9
4/22/2022,111.85,793,458.8
4/25/2022,107.8,800.25,452.4
4/26/2022,105.2,803.25,444.8
4/27/2022,104.175,815.5,451
4/28/2022,103.975,816,440.2
4/29/2022,100.9,818.25,440.5
5/2/2022,99.875,813,442.9
5/3/2022,99.775,800.75,436.4
5/4/2022,102.6,798.5,428.3
5/5/2022,102.8,803.75,426.9
5/6/2022,102.2,792.25,423.4
5/9/2022,100.875,784.5,411.1
5/10/2022,101.075,786.5,407.9
5/11/2022,100.925,802.25,400.6
5/12/2022,100.1,813.5,399.4
5/13/2022,100,794.5,406.4
5/16/2022,103.825,809.5,413.6
5/17/2022,105.15,800.75,411.8
5/18/2022,106.1,781.5,414
5/19/2022,105.3,783.25,425.3
5/20/2022,108.875,778.75,429.9
5/23/2022,110.375,786.25,422.5
5/24/2022,109.025,771.75,427.1
5/25/2022,109.05,772.25,424.2
5/26/2022,111.1,765,428.2
5/27/2022,110.4,777.25,432.3
5/30/2022,110.4,777.25,432.3
5/31/2022,107.975,753.5,414.8
6/1/2022,109.8,731.25,412.7
6/2/2022,110.05,730.25,414.9
6/3/2022,110.2,727,407.9
6/6/2022,109.225,742.5,407.1
6/7/2022,108.425,757,417.4
6/8/2022,107.85,764.5,415.6
6/9/2022,106.975,773,427.5
6/10/2022,107.8,773.25,429.1
6/13/2022,108,769.25,415.1
6/14/2022,108.45,768.25,411
6/15/2022,108.275,774,417.5
6/16/2022,109.575,788.25,429.7
6/17/2022,111,784.5,438.1
6/20/2022,111,784.5,438.1
6/21/2022,112.725,760.75,431.3
6/22/2022,111.85,768,432.4
6/23/2022,108.55,746.75,426.7
6/24/2022,110.925,750.25,432.6
6/27/2022,110.175,744.25,442.7
6/28/2022,109.925,759.5,455.1
6/29/2022,109.4,770.25,463.2
6/30/2022,109.125,743.75,469.9
7/1/2022,109.6,754.5,459.7
7/4/2022,109.6,754.5,459.7
7/5/2022,112.15,736,452.8
7/6/2022,113.15,744.25,462.6
7/7/2022,113.25,747,470
7/8/2022,112.85,778.25,478.4
7/11/2022,113.15,781.25,482.9
7/12/2022,113.6,732.75,478.7
7/13/2022,114.5,740,491.5
7/14/2022,114.925,695,497.3
7/15/2022,114.9,604.25,431
7/18/2022,112.125,612.25,434.5
7/19/2022,112.825,596.75,435
7/20/2022,114.875,592.25,436.5
7/21/2022,116.3,575.75,434.4
7/22/2022,118.7,564.25,431.5
7/25/2022,117.225,580,447.5
7/26/2022,116.975,597,472.4
7/27/2022,118.6,600.25,488.9
7/28/2022,119.125,615,489.7
7/29/2022,120.65,616.25,495.3
8/1/2022,120.45,607,487
8/2/2022,119.85,591.25,489.2
8/3/2022,121,591.5,481.7
8/4/2022,120.65,602.25,513.7
8/5/2022,120.825,610.25,499.1
8/8/2022,121.8,608.5,498.7
8/9/2022,122.2,615.5,513.6
8/10/2022,122.25,621.25,515.6
8/11/2022,122.4,629.25,520.2
8/12/2022,121.725,639.75,520.2
8/15/2022,100.575,626.75,452.2
8/16/2022,96.575,611,435.9
8/17/2022,98.05,615,440.6
8/18/2022,93.3,619.75,449.4
8/19/2022,93.125,626,448.7
8/22/2022,93.975,633.5,460.5
8/23/2022,92.9,660,468.5
8/24/2022,90.375,665.75,467.7
8/25/2022,91.1,657.5,458
8/26/2022,90.65,668.75,478.1
8/29/2022,92.25,683.75,478.4
8/30/2022,93.6,679.75,462.4
8/31/2022,91.525,673.75,458.9
9/1/2022,91.95,658.25,452
9/2/2022,90.025,669,444.1
9/5/2022,90.025,669,444.1
9/6/2022,91.1,680.75,433.5
9/7/2022,91.075,676.75,436.1
9/8/2022,92.125,674.5,427.8
9/9/2022,93.175,698.5,440.9
9/12/2022,91.875,712.25,472.9
9/13/2022,95.75,709,462.1
9/14/2022,94.7,709,461.3
9/15/2022,96.05,677.5,434.5
9/16/2022,96.9,677.25,429.6
9/19/2022,96.475,678.25,438.2
9/20/2022,95.975,692,450.8
9/21/2022,94.425,685.5,454.7
9/22/2022,94.125,688.25,445.9
9/23/2022,92.625,676.75,439.9
9/26/2022,90.375,666.25,432.6
9/27/2022,88.7,667.5,426.1
9/28/2022,89.375,670.5,421.8
9/29/2022,89.45,669.5,409.1
9/30/2022,89.225,677.5,403.2
10/3/2022,88.775,680.75,405.6
10/4/2022,87,683,403
10/5/2022,90.8,684,402.5
10/6/2022,92.375,675.5,397.4
10/7/2022,92.95,683.25,404.9
10/10/2022,93.75,698.25,410.7
10/11/2022,93.025,693,410.4
10/12/2022,93.1,693,421.8
10/13/2022,93.425,697.75,418.5
10/14/2022,93.375,689.75,418.5
10/17/2022,84.95,683.5,411
10/18/2022,86.475,681,401.8
10/19/2022,87.375,678.25,401.7
10/20/2022,87.025,684,413.3
10/21/2022,89.125,684.25,417.9
10/24/2022,87.925,681.5,408.7
10/25/2022,88.45,686.25,415.6
10/26/2022,88.5,685,408.7
10/27/2022,85.125,682.25,415.4
10/28/2022,86.1,680.75,425.4
10/31/2022,84.925,691.5,428.1
11/1/2022,85.2,697.75,424.8
11/2/2022,83.3,687.5,424.5
11/3/2022,83.375,679.25,414.3
11/4/2022,82.975,681,420.4
11/7/2022,87.05,675.75,419
11/8/2022,85.575,667.5,419.3
11/9/2022,85.275,664.5,417.6
11/10/2022,84.875,653.25,404.1
11/11/2022,84.35,658,407.4
11/14/2022,84.875,657.25,406
11/15/2022,85.325,666.75,409.9
11/16/2022,85.575,665.25,406.6
11/17/2022,84.975,667.5,405.7
11/18/2022,84.225,667.75,410.4
11/21/2022,83.8,659.5,411.4
11/22/2022,84.25,656.75,408.6
11/23/2022,83.95,663.25,409.7
11/24/2022,83.95,663.25,409.7
11/25/2022,83.775,668,408.8
11/28/2022,80.6,668.75,413.6
11/29/2022,81.075,665.75,408.5
11/30/2022,82.9,662,417.7
12/1/2022,83.125,650,420.9
12/2/2022,82.425,635,424.5
12/5/2022,82.075,628.75,432
12/6/2022,82.275,625.5,449.2
12/7/2022,82.375,627.75,462.2
12/8/2022,82,632,469.3
12/9/2022,81.575,634.75,471.7
12/12/2022,81.95,641.25,448.3
12/13/2022,82.4,643.75,450
12/14/2022,82.325,639,456
12/15/2022,81.65,653.5,455.3
12/16/2022,85.775,653,463
12/19/2022,85.7,647.25,449.1
12/20/2022,84.25,652,452.4
12/21/2022,88.4,662.25,456
12/22/2022,89.05,660.5,452
12/23/2022,87.825,666.25,455.3
12/26/2022,87.825,666.25,455.3
12/27/2022,91.475,674.75,451.8
12/28/2022,90.8,682.75,466.3
12/29/2022,88.675,679.5,464.1
12/30/2022,87.7,678.5,478.5
1/2/2023,87.7,678.5,478.5
1/3/2023,85.075,670.5,476.8
1/4/2023,84.075,653.75,482.5
1/5/2023,82.525,652.75,488.7
1/6/2023,80.275,654,503.1
1/9/2023,80.8,652.75,496.7
1/10/2023,79.8,655,500.9
1/11/2023,79.3,656,505
1/12/2023,78.75,671,513
1/13/2023,78.65,675,513
1/16/2023,78.65,675,513
1/17/2023,78.45,685.25,481.2
1/18/2023,77.325,681.25,478.1
1/19/2023,76.65,677.25,471.2
1/20/2023,77.825,676.25,463.7
1/23/2023,77.575,666.25,461.9
1/24/2023,77.1,677,459.8
1/25/2023,76.8,674.75,465.5
1/26/2023,77.025,682.5,477.1
1/27/2023,75.875,683,473.5
1/30/2023,75.15,683.75,488.7
1/31/2023,74.875,679.75,484.2
2/1/2023,73.975,681,484.7
2/2/2023,75.35,675.25,491.8
2/3/2023,75.025,677.5,496.5
2/6/2023,75.05,679,489
2/7/2023,75.375,674,481.4
2/8/2023,75.925,678.5,481.9
2/9/2023,75.825,670.75,495.5
2/10/2023,75.875,680.5,499.4
2/13/2023,75.825,685,504
2/14/2023,75.675,682.25,501
2/15/2023,86.5,676.25,491.1
2/16/2023,85.775,676,491.4
2/17/2023,85.275,677.75,491.1
2/20/2023,85.275,677.75,491.1
2/21/2023,89.1,680.5,497.7
2/22/2023,86.55,674,492.6
2/23/2023,86.2,660.25,493.1
2/24/2023,86.025,650,497.1
2/27/2023,84.725,642.75,498.7
2/28/2023,85.175,629.5,487.6
3/1/2023,84.95,640.5,490.4
3/2/2023,83.85,637.75,489.3
3/3/2023,84.55,645.25,498.1
3/6/2023,83.475,644.5,507.9
3/7/2023,84.8,642,501.5
3/8/2023,85.75,634.5,498.4
3/9/2023,85.075,618.5,498.9
3/10/2023,87.45,624.25,498.8
3/13/2023,86.225,624.5,492.2
3/14/2023,85.4,627.5,492.2
3/15/2023,83.75,626.5,478.4
3/16/2023,79.45,632.75,474
3/17/2023,79.875,634.25,466
3/20/2023,77.775,633,462.7
3/21/2023,77.05,630,460.6
3/22/2023,76.075,633.5,451.6
3/23/2023,75.75,631.75,438.3
3/24/2023,77.175,643,445.1
3/27/2023,78.625,648.25,446
3/28/2023,77.75,647.25,457.9
3/29/2023,76.775,650.5,458.2
3/30/2023,76.45,649.5,459.9
3/31/2023,75.25,660.5,466
4/3/2023,74.525,657.75,464.2
4/4/2023,72.225,653.75,457.4
4/5/2023,73.4,652.75,450.6
4/6/2023,74.15,643.5,454.3
4/7/2023,74.15,643.5,454.3
4/10/2023,73.375,654,450.7
4/11/2023,73.05,651,457.8
4/12/2023,72.3,656,460.2
4/13/2023,71.6,652.25,463.6
4/14/2023,71.75,666.25,459.7
4/17/2023,71.875,676.5,465.7
4/18/2023,78.825,677.5,461.1
4/19/2023,78.775,672.25,454.4
4/20/2023,76.825,663.75,451.3
4/21/2023,77.025,663.25,445.7
4/24/2023,77.7,651.25,439.5
4/25/2023,76.875,646.5,434.8
4/26/2023,78.275,641.5,426
4/27/2023,78.125,627,427.9
4/28/2023,79.65,636,435.3
5/1/2023,79.3,639.5,435.3
5/2/2023,78.175,638,429.8
5/3/2023,78.15,645.25,427.8
5/4/2023,77.075,646.5,427.3
5/5/2023,75.525,653.25,428.9
5/8/2023,75.625,656.5,425.5
5/9/2023,76.275,642.25,416.4
5/10/2023,76.575,645.5,417.9
5/11/2023,76.6,632.5,426.6
5/12/2023,76.625,633.25,428.1
5/15/2023,86.15,592.5,430.9
5/16/2023,87.2,581.25,426.9
5/17/2023,84.875,561.5,425.3
5/18/2023,85.3,555.25,414.1
5/19/2023,83.025,554.5,409.1
5/22/2023,81.825,571,412.2
5/23/2023,80.675,577.5,406.4
5/24/2023,79.8,587.25,402.2
5/25/2023,77.65,590.75,397.2
5/26/2023,76.075,604,402.2
5/29/2023,76.075,604,402.2
5/30/2023,80.825,594,392.6
5/31/2023,82.575,594,393.4
6/1/2023,83.55,592.5,401.4
6/2/2023,86.725,609,397.8
6/5/2023,85.325,597.5,401.2
6/6/2023,88.3,608,396.7
6/7/2023,87.7,604.25,405.2
6/8/2023,87.675,610.25,404
6/9/2023,87.875,604.25,397.2
6/12/2023,87.175,617.25,397.4
6/13/2023,87.125,612.5,397.5
6/14/2023,87.2,607.75,389.7
6/15/2023,91.925,623.25,394.2
6/16/2023,92.85,640.25,416.4
6/19/2023,92.85,640.25,416.4
6/20/2023,95.85,643.75,412.8
6/21/2023,94.75,671,439.2
6/22/2023,91.85,660.5,424.7
6/23/2023,91.275,630.75,410.7
6/26/2023,93.4,637.25,414.6
6/27/2023,94.125,623,407.3
6/28/2023,94.275,590,401.8
6/29/2023,95.45,581,403
6/30/2023,95.65,554.5,419.2
7/3/2023,97.825,557.25,418.6
7/4/2023,97.825,557.25,418.6
7/5/2023,101.275,548.25,417.9
7/6/2023,100.05,566.75,415.6
7/7/2023,99,560.5,409.6
7/10/2023,98.8,570.75,412.3
7/11/2023,101.275,571.75,422.3
7/12/2023,101.175,549.75,421.4
7/13/2023,102.35,593.5,430.9
7/14/2023,101.975,599.75,430
7/17/2023,102.35,499.25,434.4
7/18/2023,96.275,528.75,442.7
7/19/2023,97.925,545.5,443.8
7/20/2023,100.625,537.25,440.5
7/21/2023,100.675,527,442.8
7/24/2023,100.1,560.5,447.3
7/25/2023,101.65,557.5,453.8
7/26/2023,101.65,540.25,464.7
7/27/2023,102.025,533.25,464.5
7/28/2023,103.2,521,455.2
7/31/2023,104.125,504,451.2
8/1/2023,103.675,497,456.1
8/2/2023,102.675,488.25,451.8
8/3/2023,101,480.75,451.2
8/4/2023,101.025,484.25,444.1
8/7/2023,101.525,482.25,446.2
8/8/2023,102.1,485.75,433.2
8/9/2023,101.65,481,426.3
8/10/2023,101.725,483.25,429.6
8/11/2023,102.1,474.5,436.9
8/14/2023,102.25,475.75,462.3
8/15/2023,78.2,464,403.8
8/16/2023,78.175,469.5,404.5
8/17/2023,79.15,473,399.6
8/18/2023,82.125,479.5,403.9
8/21/2023,80.625,469.25,409.8
8/22/2023,79.575,466.5,406.3
8/23/2023,78.55,476.25,413
8/24/2023,80.475,472.25,422.7
8/25/2023,79.825,470.75,422.8
8/28/2023,81.85,478.5,425.7
8/29/2023,80.725,469.5,419.3
8/30/2023,83.6,461.75,423
8/31/2023,82.55,461,418.7
9/1/2023,83.05,464.75,412.7
9/4/2023,83.05,464.75,412.7
9/5/2023,83.175,471,406.3
9/6/2023,81.875,471.5,408.1
9/7/2023,82.825,470.75,403.4
9/8/2023,81.525,468.5,411.9
9/11/2023,82.55,471.25,412
9/12/2023,85.275,463.25,405.2
9/13/2023,83.975,464,401.9
9/14/2023,83.35,462.5,401.9
9/15/2023,83.125,476.25,393.6
9/18/2023,83.25,471.5,390.4
9/19/2023,84.85,476.25,391.5
9/20/2023,85.775,482.25,397.2
9/21/2023,82.95,475.25,390.3
9/22/2023,81.525,477.25,388.2
9/25/2023,81.525,481.25,392
9/26/2023,81.625,479.75,394
9/27/2023,82.125,483.25,390.1
9/28/2023,83.95,488.5,392.4
9/29/2023,80.2,476.75,375.9
10/2/2023,79.85,488.75,367.6
10/3/2023,79.975,487.5,363.2
10/4/2023,79.925,486,368.7
10/5/2023,80.9,497.5,373.6
10/6/2023,82.325,492,367.6
10/9/2023,81.975,488.25,370.9
10/10/2023,81.95,485.5,372
10/11/2023,82.15,488,374.3
10/12/2023,82.1,496,387.6
10/13/2023,81.925,493.25,387.6
10/16/2023,68.3,490,390.2
10/17/2023,67.55,489,399.8
10/18/2023,68.025,492,413.8
10/19/2023,68,505,423
10/20/2023,66,495.5,423.9
10/23/2023,66.175,490.25,420.5
10/24/2023,66.375,484,434.2
10/25/2023,67.5,480,429.2
10/26/2023,68.625,479.25,429.5
10/27/2023,70.475,480.75,442.4
10/30/2023,71.175,478.25,426.5
10/31/2023,71.725,478.75,431
11/1/2023,70.15,475,430.4
11/2/2023,73.275,470,426.3
11/3/2023,71.75,477.25,442.1
11/6/2023,72.4,477.25,437.5
11/7/2023,72.9,468.5,447.4
11/8/2023,71.5,476,449.8
11/9/2023,71.45,468,449.9
11/10/2023,71.9,464,449.4
11/13/2023,73.35,477.25,469.1
11/14/2023,72.3,478.25,473.6
11/15/2023,71.05,470.75,469.2
11/16/2023,71.475,474.75,466.8
11/17/2023,70.975,467,453.3
11/20/2023,70.35,469.5,460.2
11/21/2023,68.175,470,459.2
11/22/2023,68.275,468.75,458.1
11/23/2023,68.275,468.75,458.1
11/24/2023,67.575,463.25,457.4
11/27/2023,67.875,455.5,458.7
11/28/2023,68.925,451.5,450.3
11/29/2023,68.975,449.75,444.3
11/30/2023,68.775,461.75,442.2
12/1/2023,68.6,464.5,425.3
12/4/2023,68.05,460.25,422.3
12/5/2023,66.825,468.5,433.7
12/6/2023,67.55,464.75,424.4
12/7/2023,67.55,468.25,424.5
12/8/2023,68.425,465.75,424.2
12/11/2023,68.25,460.5,430.7
12/12/2023,67.825,462.5,429.2
12/13/2023,67.925,456.75,421.1
12/14/2023,67.175,456.75,421.1
12/15/2023,71.9,483,405.6
12/18/2023,71.575,477,412.8
12/19/2023,70.55,472.75,403.2
12/20/2023,70.225,469.75,399.9
12/21/2023,70.65,472.5,395.4
12/22/2023,71.35,473,399.6
12/25/2023,71.35,473,399.6
12/26/2023,69.3,480.25,403.2
12/27/2023,69.875,476.5,398.9
12/28/2023,68.45,474.25,393
12/29/2023,67.975,471.25,386
